Track URI,Track Name,Artist Name(s),Album Name,Album Release Date,Album Image URL,Track Duration (ms),Popularity,Artist Genres,Danceability,Label
0K1ddNp1ev0zdik1EzuxkT,Well Hello,Yellowstone And Voice,The Best of Red Bus Collection,2016,https://i.scdn.co/image/ab67616d0000b2732663a0ec722e8cd0a8d0b7f6,174040,0,Rock,0.473,R.B Nostalgia
2QLEN3RVunMas7j0PHjeAT,C'mon N' Ride It (The Train),Quad City DJ's,Get On Up And Dance,1996,https://i.scdn.co/image/ab67616d0000b273f6eb72342d4ff41658c37193,451440,50,Hip-Hop / Rap,0.843,Big Beat Records/Atlantic
6XrWIKoIwqomse4ZmBnjQd,Life Goes On,E^ST,Life Goes On,2017,https://i.scdn.co/image/ab67616d0000b273f937fcfe85c48f3939f886af,210455,44,Rock,0.701,WM Australia
4Q0aYLHFOadFypiCpv4Rb7,Another Man (feat. Megan Joy) (feat. Megan Joy),"Itch, Megan Joy",Another Man (feat. Megan Joy) (feat. Megan Joy),2014,https://i.scdn.co/image/ab67616d0000b273247a9e7f03dfab17aa93fdbe,188166,28,Pop,0.536,Red Bull Records
1RxSnx3hSCwX2DcG9tvpbD,Gonna See My Baby Tonight,The La De Da's,Legend,1975,https://i.scdn.co/image/ab67616d0000b273561e570ae6839e8f2b1c7f62,197266,19,Pop,0.688,Universal Music New Zealand Limited
2QZvMncP3hoLfHJXq4218n,Sugar Shack,"Jimmy Gilmer, The Fireballs",Sugar Shack,2014,https://i.scdn.co/image/ab67616d0000b2732c5e3e3e5eb8fb4560fee8a1,120084,3,Rock,0.792,Redwood Records
4oW1lGOw5Q5OLvoJv92qoE,I Can Help,Billy Swan,The Best Of Billy Swan,1998,https://i.scdn.co/image/ab67616d0000b273d6c066b8cb1cf84f7f9a8ace,238333,45,Pop,0.471,Epic/Legacy
5a3L9h9YfI96BMs4QaKJ67,Music To My Heart,"Shab, Martinez Twins",Music To My Heart,2021,https://i.scdn.co/image/ab67616d0000b273499fea60752371fa22445b89,176282,3,Pop,0.755,Shabnam Music LLC
7K3BhSpAxZBznislvUMVtn,Last Night,Morgan Wallen,One Thing At A Time,2023,https://i.scdn.co/image/ab67616d0000b273705079df9a25a28b452c1fc9,163854,81,Country / Folk,0.492,Big Loud Records / Mercury Records / Republic Records
5Ee3eEEutXbUsMYGD2rbTT,Hold Me Now,Johnny Logan,4 Hits,2011,https://i.scdn.co/image/ab67616d0000b27398c25bc79dab56d03dc7b47b,183960,38,Pop,0.433,Sony Music UK
3BliUWoxPngMNAQKCR8sRi,Have I Told You Lately,Russell Watson,Popera - Essential Classical Crossover,2014,https://i.scdn.co/image/ab67616d0000b2731ffa78122a610ad6f99ede35,274480,0,Pop,0.399,U-5
2ctY9KP7zLgfmf1GnKxMBq,Feels So Right,Sunset City,Feels So Right,2020,https://i.scdn.co/image/ab67616d0000b2734e7c18b4bff9ce6605358561,207561,12,Électro / Dance,0.735,Universal Music Australia (Distribution)
43qSGIUGX1Ox07xPJ9AT9o,Memphis Tennessee,Dave Berry,Dave Berry,1964,https://i.scdn.co/image/ab67616d0000b273251c954105aed4f75ad889eb,145066,23,Rock,0.756,Decca Music Group Ltd.
2IWYi4NJyJvhpJVjVs2pm8,Stop,"Sam Brown, Pete Brown",Stop!,1988,https://i.scdn.co/image/ab67616d0000b2736d47d9c46ea3da302dddb812,295906,54,R&B / Soul,0.326,EMI
1KizDBQAlmAMfy4enfwhUf,Shadows,The Getaway Plan,"Other Voices, Other Rooms",2008,https://i.scdn.co/image/ab67616d0000b2739eaae4a2a55a38caf533ef09,223053,0,Rock,0.547,WM Australia
2rMU6GxYqIaJUmHhbfLFHR,My Way - Produced By Rudimental,Thandi Phoenix,My Way (Produced By Rudimental),2018,https://i.scdn.co/image/ab67616d0000b2731907ef498a9bde1f35e7164e,236242,21,Électro / Dance,0.377,Universal Music Australia Pty. Ltd.
1fidCEsYlaVE3pHwKCvpFZ,Am I Wrong,Nico & Vinz,Black Star Elephant,2014,https://i.scdn.co/image/ab67616d0000b273eb3c078694b007169dab4a4f,245866,75,Musiques du monde / Reggae,0.729,Warner Records
0RK0RqDtnBU804PGxN2d8G,Take It Back,Matter Of Mind,Take It Back,2021,https://i.scdn.co/image/ab67616d0000b273b95565cddbc793d3b10c7383,173386,0,Rock,0.5,Matter Of Mind
4DYp1pEg6ebDJkChzvxjOi,The Legend Of Xanadu,"Dave Dee\, Dozy\, Beaky\, Mick & Tich",If No-One Sang,1968,https://i.scdn.co/image/ab67616d0000b273bdfd941b38d27b6ddc3e7cd0,216373,41,Rock,0.403,UMC (Universal Music Catalogue)
0cdBZlTYh1UVs18QqR2Hq8,Say So,Masked Wolf,Say So,2021,https://i.scdn.co/image/ab67616d0000b273d7f965f409e74468071aad67,120880,0,Hip-Hop / Rap,0.778,Teamwrk
6zL3A4Oq1nRvDPZQYK0KHI,I Did What I Did For Maria,Tony Christie,The Tony Christie Love Collection,2006,https://i.scdn.co/image/ab67616d0000b27353eb0fe7f9bd3835686247dd,205653,23,Pop,0.616,Spectrum
5WAXGE1NZtdgnVAGTsslr8,Too Fake,Hockey,Too Fake,2009,https://i.scdn.co/image/ab67616d0000b273a0dcac1d7bef6308f4253b3a,249946,0,Rock,0.668,Capitol Records
5ecZWU5uQOiCVSnPxBZNmT,7 Things - Single Version,Miley Cyrus,Breakout,2008,https://i.scdn.co/image/ab67616d0000b273e345458751c029f411db3d5b,213453,60,Pop,0.59,Hollywood Records
1Awjfqkj1OIXbY2GzPTvml,Mountain,Chocolate Starfish,6 Pack Of Hits,2013,https://i.scdn.co/image/ab67616d0000b27388a2e86e4744bfaa39b77fb2,297133,0,Rock,0.488,Independent
7hBkTfYpTqsa7DkWhin2Sb,I Don't Like It,Pauline Pantsdown,I Don't Like It,1998,https://i.scdn.co/image/ab67616d0000b273fc08d04c81a52f86a6afa6d6,202493,22,Divers / Variété,0.945,Caring Potato
0xImO2GMlFLYSg4eDFcz1p,Our Day Will Come - Single Version,Ruby And The Romantics,Our Day Will Come: The Very Best Of Ruby And The Romantics,2002,https://i.scdn.co/image/ab67616d0000b27338fbd750f418e0d1e1b076a8,150586,0,Jazz / Blues,0.466,Universal Music Group
3aXuXjIXG5B2jtlsWKLd1l,Everybody's Got To Learn Sometime,The Korgis,Don't Look Back: The Very Best of The Korgis,2003,https://i.scdn.co/image/ab67616d0000b273bdf5cfe94ebc4b4f16e858ff,258665,0,Pop,0.369,Castle Communications
20JcxdRw8gvqTY1EEpYxHb,Misty Blue,Dorothy Moore,Misty Blue,1976,https://i.scdn.co/image/ab67616d0000b2737a1d1b24d9e53e8729d63578,222400,51,R&B / Soul,0.394,Malaco Records
1Zi2ezNOqt9y9irC11xYpN,Eve Of Destruction,Barry McGuire,Eve Of Destruction,1965,https://i.scdn.co/image/ab67616d0000b273d33bff23ded3e4ec3149429f,215826,54,Rock,0.613,Geffen
1yxq9qEfCssIhQGWJVS2rF,Fake It,Sore,Fake It,2021,https://i.scdn.co/image/ab67616d0000b273d17d45978ff01dba8cc1d349,147857,0,Pop,0.768,Universal Music Romania
53QhPsIbjSd6mKdNMOTfE5,Last Night,Az Yet,90s R&B,2014,https://i.scdn.co/image/ab67616d0000b273defddcc1c5b525859b81ebc8,267640,15,R&B / Soul,0.618,Sony Music Entertainment
32lF1rsInDTdK6Av3KdfaY,You Get What You Give,New Radicals,Maybe You've Been Brainwashed Too,1998,https://i.scdn.co/image/ab67616d0000b27387e512c79842c7ed2a8f2035,300773,0,Rock,0.621,Geffen
1cV2ZlkzRvW3cXkW4mTduE,Fishin' in the Dark,Nitty Gritty Dirt Band,More Great Dirt: The Best of the Nitty Gritty Dirt Band,1989,https://i.scdn.co/image/ab67616d0000b273a1b330ff81a5bbe2aa35d30a,202786,41,Rock,0.771,Warner Records
2OkTun2CrfoG8NX7aUJ6fR,Mama Didn't Lie,Jan Bradley,Mama Didn't Lie,2014,https://i.scdn.co/image/ab67616d0000b273ef6de1c14aee9cdc19318584,121312,15,R&B / Soul,0.741,Redwood Records
6PuaQbH3oPmj9XojS0SRaO,The Hardest Thing,98º,98 Degrees And Rising,1998,https://i.scdn.co/image/ab67616d0000b2738096e88dab9ff1a66541eb0f,274600,51,Pop,0.721,Motown
11Y3qwzKxzyOrKZx3BgnWD,The World I Used to Know,Jimmie Rodgers,Kisses Sweeter Than Wine,2017,https://i.scdn.co/image/ab67616d0000b273a0832ff85ddd8618cd776560,150080,3,Divers / Variété,0.388,Westmill
3Aimpqxpvmz7jhJlNnEd5c,Swing The Mood,Jive Bunny and the Mastermixers,Jive Bunny And The Mastermixers The Biggest Party On The Planet,2009,https://i.scdn.co/image/ab67616d0000b273ef5f2fdfe8678924e35acad4,259573,49,Divers / Variété,0.865,Box Tree Music
0WYsybfHELTUWBH0zb0ADF,When the War Is Over,Cosima De Vito,When the War Is Over,2012,https://i.scdn.co/image/ab67616d0000b2735f99d3530a73179eaf4b38f0,228560,6,Pop,0.564,independent
2Inz7gGPGgieN0CTw9TOOs,September Song,JP Cooper,Raised Under Grey Skies (Deluxe),2017,https://i.scdn.co/image/ab67616d0000b273ae6146395e4628a4b31b537a,220290,0,Pop,0.622,Universal Music Group
6LaBWjwBedgvm4dBnxqs3X,True Tears Of Joy,Hunters & Collectors,Cut,1992,https://i.scdn.co/image/ab67616d0000b2734c75574b3f389b1d7d4de7ac,273480,0,Rock,0.643,Bloodlines
6C5IC9bZ0q6mI16Hay23gB,I'm Gonna Knock on Your Door,Eddie Hodges,Hit Singles - EP,2010,https://i.scdn.co/image/ab67616d0000b273bf10bfee0221bc249f0d14f5,126266,0,Divers / Variété,0.767,Cadence Records
7pLPpTvMosiIheeOOr13TZ,Little Green Bag - Single Edit,George Baker Selection,Golden Years Of Dutch Pop Music,2016,https://i.scdn.co/image/ab67616d0000b27306bf4da537909ace8e5fdeb8,201640,55,Pop,0.698,"Universal Music, a division of Universal International Music BV"
67RGlVKzHjkY1InvIFiqYV,Love And Other Bruises,Air Supply,The Ultimate Collection,2012,https://i.scdn.co/image/ab67616d0000b27371826e198db6e5192202c153,223866,2,Rock,0.447,EMI Music Australia
2oq7025OFUrarY3WyQ9XmM,Like It Loud,Cassie Davis,Differently,2009,https://i.scdn.co/image/ab67616d0000b2739702f3b08025fc437dd56829,186320,0,Pop,0.609,Sony Music Entertainment
22HYEJveCvykVDHDiEEmjZ,Tubthumping,Chumbawamba,Tubthumper,1997,https://i.scdn.co/image/ab67616d0000b2736cfc470251e23a7bb6a38d66,278778,68,Rock,0.348,EMI
2U2aFdIusTy3JetFPjHZkx,Whatever Will Be,"Tammin Sursok, Ray Hedges",Whatever Will Be,2005,https://i.scdn.co/image/ab67616d0000b27393d52cfa4613fd04387939a5,227413,15,Pop,0.51,Columbia
1lvpicn5ni5RLhJrPVunGm,I Don't Want To Be With Nobody But You (feat. Wendy Matthews),"Absent Friends, Wendy Matthews",Here's Looking Up Your Address,1990,https://i.scdn.co/image/ab67616d0000b273c5d2b58c5b9b305fc665996c,286693,33,Rock,0.539,rooArt
7iIeylfGVAwY6hwpTnDQCR,Witch Queen,Chantoozies,Chantoozies,1988,https://i.scdn.co/image/ab67616d0000b2738be4b95a2586d7662c33fea6,258973,20,Rock,0.785,WM Australia
0dc1kYrVpq3dqn1ubblOXz,Sunshine After The Rain,Elkie Brooks,Pearls,1981,https://i.scdn.co/image/ab67616d0000b2730262144b991d8d11af027cf8,203826,19,Pop,0.649,EMI
1mCsF9Tw4AkIZOjvZbZZdT,Break My Stride,Matthew Wilder,I Don't Speak The Language,1983,https://i.scdn.co/image/ab67616d0000b2739824c6e084b02d24b2e22e94,184480,70,Rock,0.917,Legacy Recordings
2LKVqj0hkZsqQTOuWypM1c,I'm On Fire,5000 Volts,70s Gems,2010,https://i.scdn.co/image/ab67616d0000b2739d6a490cb45234b1ed2463fc,154426,25,Pop,0.635,Sony Music Catalog
4TFLUXjdQOSK0vyLZ510LT,So Macho,Sinitta,Hits+ Collection 86 - 09 Right Back Where We Started From,2009,https://i.scdn.co/image/ab67616d0000b273e30c91dd94e176b4bcf55260,205160,10,Électro / Dance,0.745,Sony Music UK
1Xi84slp6FryDSCbzq4UCD,Arcade,Duncan Laurence,Arcade,2019,https://i.scdn.co/image/ab67616d0000b273a954408e456d4d9d410f448b,183624,73,Pop,0.459,"Universal Music, a division of Universal International Music BV"
5t3oszlshIPTzpAwcCMqgw,When You're Looking Like That - Single Remix,Westlife,Coast To Coast (Expanded Edition),2000,https://i.scdn.co/image/ab67616d0000b27315f19e3b1fbfc5a2f164fb6a,232826,59,Pop,0.597,RCA Records Label
3WimzuWXQt4bnd4jcv0Gov,Instant Replay,Dan Hartman,Keep The Fire Burnin',1994,https://i.scdn.co/image/ab67616d0000b2739f6e31eee21cc9a4c57c2cae,320333,39,Électro / Dance,0.754,Chaos
4RhKJtUfmeONyohbtIDrSA,Hammerhead,James Reyne,James Reyne,1988,https://i.scdn.co/image/ab67616d0000b2730829c19f73f993c8a933e166,286840,37,Rock,0.67,Capitol
3JjY2L2bqql54j1SjnjQ23,(Can't Live Without Your) Love And Affection - Remastered 2017,Nelson,After The Rain (Remastered),1990,https://i.scdn.co/image/ab67616d0000b27343e681f8ce71d1cd113d10a9,236435,48,Rock,0.541,Geffen
40F02fgjd0EIKY5wZsICKQ,Don't Let The Rain Come Down (Crooked Little Man),The Serendipity Singers,Essential Folk Masters,2011,https://i.scdn.co/image/ab67616d0000b273387c8c71377e3e5a53df4f59,164733,0,Country / Folk,0.787,Master Classics Records
5vr75xhVxVlqPW18AgHqhA,Slipstream,Sherbet,Anthology,2008,https://i.scdn.co/image/ab67616d0000b273d3f56b11a56d0b0f192da1a7,180960,0,Rock,0.388,Bloodlines
1gPZsYflLQSUNSqJzhpbA2,Mendocino,Sir Douglas Quintet,The Best Of Doug Sahm & The Sir Douglas Quintet (1968 - 1975),1990,https://i.scdn.co/image/ab67616d0000b273cfa6bf39e92ea1184f099791,158266,17,Country / Folk,0.555,Mercury Records
729niU7gAAMpn7UXM5L2aY,You've Not Changed,Sandie Shaw,The Very Best Of,2019,https://i.scdn.co/image/ab67616d0000b2739598a1c9fd2c9e6a3323a183,139733,7,Rock,0.633,UMC (Universal Music Catalogue)
2TtUTMm65xZeqmF721Txfk,Don't Expect Me to Be Your Friend,Lobo,The Best Of Lobo,1993,https://i.scdn.co/image/ab67616d0000b27311bdb729983420341631a561,217906,31,Rock,0.513,Rhino Atlantic
6WmiK2assqEPtmqDnn7Dxc,What To Do,Rotimi,What To Do,2021,https://i.scdn.co/image/ab67616d0000b273b81911c989ee4179af88c0c7,144004,25,R&B / Soul,0.728,FrontRo Music Group LLC / EMPIRE
2aJ0ZdaL40vOB9dlZ7ZhzL,Jesus Is a Soul Man,Lawrence Reynolds,Jesus Is A Soul Man,1970,https://i.scdn.co/image/ab67616d0000b273db1fb0fa21e36ce321dfe8f5,172440,5,R&B / Soul,0.699,Rhino/Warner Records
3F3n2V9XBrtb1omqLfcNPe,Love Is on the Way,Saigon Kick,The Lizard,1992,https://i.scdn.co/image/ab67616d0000b273def72c14cd4931b35ff88df9,264173,50,Rock,0.576,Rhino Atlantic
1v0ufp7FLTFcykUGOmFZKa,Daffodils (feat. Kevin Parker),"Mark Ronson, Kevin Parker",Uptown Special,2015,https://i.scdn.co/image/ab67616d0000b273e419ccba0baa8bd3f3d7abf2,298133,50,R&B / Soul,0.724,Columbia
7pej5hnsn1bcVsQbFDaOuz,Don't Bet Money Honey,Linda Scott,Little Star,1963,https://i.scdn.co/image/ab67616d0000b27312dd32692626f3c33d0d2662,150746,1,Pop,0.248,Poppydisc
0uMMLry3hzWGn3q3loqMkm,La Bamba,Los Lobos,La Bamba / Charlena,1987,https://i.scdn.co/image/ab67616d0000b273c208d60c83e8611195875e13,174186,66,Rock,0.506,Rhino/Slash
1tYt8PbpbeTuqsNmprAZYY,Dessert,Dawin,Dessert,2015,https://i.scdn.co/image/ab67616d0000b273d4758fc1bc49b610c3fbc0a4,210983,0,Pop,0.868,Universal Music Group
57PjISfyOyDcvTPipz16nf,Love Me Again,John Newman,Love Me Again,2013,https://i.scdn.co/image/ab67616d0000b273acaa16821d39d2954e2f3641,240288,0,Électro / Dance,0.485,Universal Music Group
2r9LMUnfsxtDqIZF8ByZ8n,The Prayer,Anthony Callea,Anthony Callea,2005,https://i.scdn.co/image/ab67616d0000b27319739c476619dba7d2e2a9b3,255360,29,Pop,0.217,BMG Music
09eonIb5rHlLO23YIg9NK8,Live With Friends,Russell Morris,The Very Best Of Russell Morris,2013,https://i.scdn.co/image/ab67616d0000b273d6067f86a6560ec7ddd00965,221773,8,Rock,0.478,EMI
0AKBmfNLV4tlwIph8UadI0,Baby Boy,Big Brovaz,Nu Flow,2003,https://i.scdn.co/image/ab67616d0000b273a1ca895687258d2b5fd6221d,240546,33,Électro / Dance,0.725,Epic
45kW7SZVsIm8mYfs8BXExE,Mamy Blue,Joel Daydé,J'Aime - Mamy Blue,1970,https://i.scdn.co/image/ab67616d0000b273f2d21dcea17fdbe8678c193f,220946,14,Rock,0.566,Universal Music Division Barclay
40SBS57su9xLiE1WqkXOVr,Afraid To Feel,LF SYSTEM,Afraid To Feel,2022,https://i.scdn.co/image/ab67616d0000b273ced808ef1567eaf901041438,177524,78,Électro / Dance,0.578,Warner Records
3GpdNg7Krt9vjc6tgDoKe1,Breakfast At Tiffany's,Deep Blue Something,Home,1995,https://i.scdn.co/image/ab67616d0000b273201a609b75204b825ad98744,257186,0,Rock,0.624,Interscope
0OASxlnHMLraisQTNk0lCj,Tip Of My Tongue,Diesel,Complete Nineties,2014,https://i.scdn.co/image/ab67616d0000b273c1b6b23fa47ca79fe602bf8d,240506,0,Rock,0.652,EMI Music Australia
30Zav1J4qpx9QuX5EXbVUt,All Seats Taken,Bec Cartwright,Bec Cartwright,2003,https://i.scdn.co/image/ab67616d0000b273bc52d7217465c4af9215952d,212080,20,Pop,0.744,WM Australia
04RM7D5FZzFahr4L6QOuW6,(The Lament Of The Cherokee) Indian Reservation,Don Fardon,Country Story Songs,2001,https://i.scdn.co/image/ab67616d0000b273674c510352f4c9fe82d1d766,201200,18,Pop,0.805,K-Tel
5IUOU5xkzGHsRFOYNu3GSK,No Judgement,Niall Horan,No Judgement,2020,https://i.scdn.co/image/ab67616d0000b2731ac7c5c1a8a9c501ad420484,176283,46,Pop,0.723,Capitol Records
0Z3xhSOhrawLV81YdiDiiJ,Venus,Shocking Blue,At Home,1969,https://i.scdn.co/image/ab67616d0000b27314644d2d7cf2d09bf288ffee,187533,63,Pop,0.691,Red Bullet
6zU7qPbE6S9ShTSToWTgEp,Don't Fall In Love,The Ferrets,Dreams Of A Love,1977,https://i.scdn.co/image/ab67616d0000b273048584ab0fef16a845b9e553,195160,34,Rock,0.645,WM Australia
0hrh211HEFDbqIpG6znlwQ,I'd Lie For You (And That's The Truth),Meat Loaf,Welcome To The Neighbourhood,1995,https://i.scdn.co/image/ab67616d0000b2736fe5282882cb14e14558f697,401008,47,Rock,0.418,EMI Catalogue
1yN2z5XVtaAOYGdeEqEuqd,Lemon Tree,Fools Garden,Dish Of The Day,1995,https://i.scdn.co/image/ab67616d0000b27378219679ef28c5639613c06b,191026,0,Rock,0.669,Intercord
2fmtt7gysU5N3Zae9o93g6,Let the Franklin Flow,Shane Howard,Other Side of the Rock,2012,https://i.scdn.co/image/ab67616d0000b273fe0b0f26dddde7fe750f98b0,202493,13,Pop,0.719,Goanna Arts
1z9UHExy0G7m4PwD72TZLi,Because I Love You,The Master's Apprentices,Now That It's Over,1974,https://i.scdn.co/image/ab67616d0000b273962bbcd3c2cf1e40dfd8adae,273213,37,Rock,0.386,EMI Music Australia
1YMhVt1sflC3ijwLMVtVtm,Baby I'm A Queen,Sofi Tukker,Baby I'm A Queen,2018,https://i.scdn.co/image/ab67616d0000b273ca3a51d0acb1e080c15668ec,208520,28,Électro / Dance,0.642,"Ultra Records, LLC"
7MaM6dxpFuC9QgWmTSJPik,Everybody On The Floor (Pump It) - Radio Edit,Tokyo Ghetto Pussy,90's Eurodance - 20 Eurodance Essentials,1997,https://i.scdn.co/image/ab67616d0000b2735620833ab4bbd46b317a0daf,217333,0,Électro / Dance,0.745,Allstar Music
2egaUALV7H8XFfPI8EZDsr,Dub Be Good To Me,Beats International,Let Them Eat Bingo,1990,https://i.scdn.co/image/ab67616d0000b273bc272e9feebcf55e81574cac,217426,47,Électro / Dance,0.861,UMC (Universal Music Catalogue)
0QWAOOFV9lsnC7fYHeSycS,I'm the Urban Spaceman - 2007 Remaster,The Bonzo Dog Band,Tadpoles,1969,https://i.scdn.co/image/ab67616d0000b273a2de324a1d6d437664b44b81,146133,33,Rock,0.63,Parlophone UK
78AFEyCYyfFUZAGnaVSBCE,The Crunch,The Rah Band,The Crunch & Beyond,1978,https://i.scdn.co/image/ab67616d0000b273e3eff9af1551d6b656550727,222680,26,R&B / Soul,0.424,Shocking Music
5kr90kavZCFmPhzk338xrX,What You Get Is What You See,Tina Turner,Break Every Rule,1986,https://i.scdn.co/image/ab67616d0000b273642b5e9d9636c51504d5efe2,271533,50,Rock,0.623,Parlophone UK
1xWkmg9faCFP3Yi9gJZ3fv,Flame Trees - 2011 Remastered,Cold Chisel,The Best Of Cold Chisel - All For You,2011,https://i.scdn.co/image/ab67616d0000b2732b1f3b26bc11dc9f339ad4a3,264373,30,Rock,0.674,Cold Chisel
2eRmD96ncTEgQwJmXa6rrg,Teardrops,Womack & Womack,80s Soul - International Version,2001,https://i.scdn.co/image/ab67616d0000b2735bd4875fea21e8f2819835d0,228573,56,Électro / Dance,0.872,Universal Music Group International
1sUTfgduT0WIQO8kXKXxLC,"Blaze Of Glory - From ""Young Guns II"" Soundtrack",Jon Bon Jovi,Blaze Of Glory,1990,https://i.scdn.co/image/ab67616d0000b273573737443786e4aed4c3cff7,335240,61,Rock,0.55,Island Records
4Hgn5GBgk7EQGIEwGoZorQ,Down,Marian Hill,ACT ONE,2016,https://i.scdn.co/image/ab67616d0000b273a3495414e31c0da5aa2b2d23,197773,0,Électro / Dance,0.599,Universal Music Group
4Sib57MmYGJzSvkW84jTwh,ME! (feat. Brendon Urie of Panic! At The Disco),"Taylor Swift, Brendon Urie",ME!,2019,https://i.scdn.co/image/ab67616d0000b27351e4bcd72f4d8c30111f5a4b,193040,0,Pop,0.614,Republic Records
6y2Kaz9QI01XBKJ8mTb7Pf,Skin,Rag'n'Bone Man,Human (Deluxe),2017,https://i.scdn.co/image/ab67616d0000b27390a788beadaad34ff684d3ec,239626,66,R&B / Soul,0.564,Best Laid Plans/Columbia
3j7wB0zbXzjPjACBhLB8l0,We Can Get Together,Flowers,White Heat: 30 Hits,2011,https://i.scdn.co/image/ab67616d0000b273c1e97e3b542ffb0713d1bd8d,226053,0,Rock,0.677,Universal Music Group
3Pj6u2KTgepyyidp5xfbHp,Ashes,Stellar,Ashes,2020,https://i.scdn.co/image/ab67616d0000b2730db4898026f2f0d478abf0e7,166355,70,Pop,0.712,Arista Records
4cIwg5VY8Lo1NYwq7llOth,Steal My Kisses,Ben Harper And The Innocent Criminals,Burn To Shine,1999,https://i.scdn.co/image/ab67616d0000b273f6d55874f45c9b9108f5e3fb,245360,52,Rock,0.914,Virgin Records
70eDxAyAraNTiD6lx2ZEnH,Ex's & Oh's,Elle King,Love Stuff,2015,https://i.scdn.co/image/ab67616d0000b273eb5a4a3ad6b9548ce4ca2c03,202173,69,Rock,0.612,RCA Records Label
3nu9ZALG23u94QigiPIwVq,Act Your Age,Bliss n Eso,Circus In The Sky,2013,https://i.scdn.co/image/ab67616d0000b273da563eb810c267db366b5879,159426,47,Hip-Hop / Rap,0.719,Illusive
1xgqGXZW1udHCjuwjeRDVO,One Night In Bangkok - Radio Edit / From “Chess” / Remastered 2016,Murray Head,One Night In Bangkok (Radio Edit / From “Chess” / Remastered 2016),2016,https://i.scdn.co/image/ab67616d0000b2734d0418c998ee5879cce6a91f,193440,59,Rock,0.954,Polar Music International AB
3v9iO1CBOG37cyHFajwyFV,This Craziness Inside of Me,Steady Rollin,This Craziness Inside of Me,2021,https://i.scdn.co/image/ab67616d0000b2738b490f67e05d8481707fe8c0,263754,1,Rock,0.655,Steady Rollin
2wZoBFqwT0Tpm9XW0oiRMZ,The Right Kind of Love,Jeremy Jordan,Try My Love,1993,https://i.scdn.co/image/ab67616d0000b273125566300d500501daa9e736,273933,32,R&B / Soul,0.717,Rhino/Warner Records
3Y7Q3E6x7oxG3kIhhbfOin,Minnie the Moocher,The Cherokees,Go!! Records the Complete Collection,2018,https://i.scdn.co/image/ab67616d0000b27350340cba0b7963c42dd24abb,146933,0,Rock,0.642,Aztec Music
5bWZd1TOdlA1uOVhP6Vu0e,Take My Hand (The Wedding Song) [feat. Will Anderson],"Emily Hackett, Will Anderson",Take My Hand (The Wedding Song) [feat. Will Anderson],2014,https://i.scdn.co/image/ab67616d0000b2733a1df2d7303fa538cab4debb,238421,45,Country / Folk,0.592,Emily Hackett
1C1dPegkqX6HMoWcAY5LWA,To Sir With Love,Lulu,Love Loves To Love Lulu,1967,https://i.scdn.co/image/ab67616d0000b273b7bf82ba0f3a34ffdc972ad2,165800,48,Rock,0.549,PMI Digital
5UWE6Y779YiIJVwZWOKYT1,I'll Meet You Halfway,The Partridge Family,Come On Get Happy! The Very Best Of The Partridge Family,2005,https://i.scdn.co/image/ab67616d0000b273d7c0842b96952fd5c4eb835b,232160,17,Pop,0.546,Arista/Legacy
4ACxa9buEUnOdYEoPcnMpi,Your Woman,White Town,Women In Technology,1997,https://i.scdn.co/image/ab67616d0000b273f1ad059f340b79a88f85ae64,259893,4,Rock,0.815,Echo
4P57hnx1SK88ULEcQls2vV,Barbra Streisand - Radio Edit,Duck Sauce,Barbra Streisand,2010,https://i.scdn.co/image/ab67616d0000b273870aff210679213087c285c9,194531,0,Électro / Dance,0.764,Universal Music Australia (Distribution)
4c0rkFPszqQTyC753tsCMU,My Boo - Hitman's Club Mix,Ghost Town DJs,My Boo (Hitman's Club Mix),1996,https://i.scdn.co/image/ab67616d0000b273db060eca4487746c7307a965,346840,61,Hip-Hop / Rap,0.885,Columbia
6kooDsorCpWVMGc994XjWN,Black Betty,Ram Jam,Ram Jam,1977,https://i.scdn.co/image/ab67616d0000b273fa5dcfc4b1b99a0598224758,238973,71,Rock,0.465,Epic
57MbOuT7s2ES3IW9KuZQzI,Wicked Game,Chris Isaak,Heart Shaped World,1989,https://i.scdn.co/image/ab67616d0000b27309a4abca212c575edf9f6c77,287506,9,Pop,0.665,Universal Music Australia Pty. Ltd.
27OeeYzk6klgBh83TSvGMA,WITHOUT YOU,The Kid LAROI,F*CK LOVE (SAVAGE),2020,https://i.scdn.co/image/ab67616d0000b273df16d539f508603bfb1efe02,161384,4,Hip-Hop / Rap,0.662,Columbia
6sPOmDulFtLzfX25zICNrC,Build Me Up Buttercup,The Foundations,The Foundations,1968,https://i.scdn.co/image/ab67616d0000b273a075160177aa7b7508c4fc9e,177533,3,Pop,0.659,Castle Communications
4w8QvjM1Nr344937eMBrgn,"Walk, Don't Run",The Ventures,The Very Best Of The Ventures,2008,https://i.scdn.co/image/ab67616d0000b273af27d4a1342b189c96aa8b0f,126480,24,Rock,0.423,EMI Gold
6W04EMrXtUum6yhcxkUGJJ,When the Lights Go Out - Radio Edit,"Five, Cutfather & Joe",Greatest Hits,2003,https://i.scdn.co/image/ab67616d0000b27310df926bec224d743644ea3e,249933,33,Pop,0.849,RCA Records Label
7E9ekWisADeJ83ulYqUZy6,Hey Bitty - Main,Nitty,Players Paradise,2005,https://i.scdn.co/image/ab67616d0000b2730ac1fca52a343a1ad68d03d4,169533,0,Hip-Hop / Rap,0.901,Universal Music
710zARjDZFnODiJJ4kFPmY,The Boys Of Summer - Radio Version,DJ Sammy,The Boys of Summer,2002,https://i.scdn.co/image/ab67616d0000b273e6e4bf09a84f299c51f8feff,243066,36,Électro / Dance,0.622,Robbins Entertainment LLC
0IuVhCflrQPMGRrOyoY5RW,she's all i wanna be,Tate McRae,she's all i wanna be,2022,https://i.scdn.co/image/ab67616d0000b273f7916a35ffdd6cb90bbbdf2f,206772,19,Pop,0.614,RCA Records Label
0KHLV5TPrJBlOjBWdFwZYB,I Take It Back,Sandy Posey,I Will Follow Him - The Best Of,2009,https://i.scdn.co/image/ab67616d0000b273d14fc1dc1c827c1ea6e8b45c,157386,19,Country / Folk,0.557,"Nifty Music, Inc."
2GyLSSv9AYBbPmBpdTEZFw,Louise (We Get It Right),Jona Lewie,On The Other Hand There's A Fist,1978,https://i.scdn.co/image/ab67616d0000b27363d06267f3ada9ca0f838e97,226880,0,Rock,0.718,Stiff Records
3e9HZxeyfWwjeyPAMmWSSQ,"thank u, next",Ariana Grande,"thank u, next",2019,https://i.scdn.co/image/ab67616d0000b27356ac7b86e090f307e218e9c8,207320,78,Pop,0.72,Republic Records
0PhL7aecZxj0wLXIdjmNft,Mr. Saxobeat - Radio Edit,Alexandra Stan,Sundown (Original Motion Picture Soundtrack),2016,https://i.scdn.co/image/ab67616d0000b273b9b49e11904a8c231a7ce3a7,195105,51,Pop,0.732,"Ultra Records, LLC"
4VDLTV2acdZwL0OhYykBql,Amoureuse,Kiki Dee,Loving & Free (Bonus Track Version),1973,https://i.scdn.co/image/ab67616d0000b2734e770deabe42791815c338b2,248920,35,Pop,0.412,Edsel
3oUaDxWbRHZls0gyZZ7bDZ,U Sure Do,Strike,I Saw the Future,1997,https://i.scdn.co/image/ab67616d0000b273334bd1895963598e8b163137,298986,34,Électro / Dance,0.702,Fresh Records UK
2nmcstJm068qfoxC51c3al,Heartbeat It's A Love Beat,"The DeFranco Family, Tony DeFranco","Heartbeat, It's A Lovebeat",2010,https://i.scdn.co/image/ab67616d0000b273bec6b11ee2b503fa4308d749,194893,30,Pop,0.48,Island Def Jam
4dlUnqyUXcte12KxvnyV4R,Double Barrel,Dave & Ansell Collins,Double Barrel - The Best of Dave & Ansel Collins,1995,https://i.scdn.co/image/ab67616d0000b273bc49b184b2a5613d02bd072e,165093,0,Musiques du monde / Reggae,0.791,Trojan Records
425fFEDIaVQ0P9H7gDt7ju,Onionskin,Boom Crash Opera,These Here Are Crazy Times,1989,https://i.scdn.co/image/ab67616d0000b273fdc9564941aa6124a0f0f1d7,207706,40,Rock,0.516,Bloodlines
1GNXKxf8dip6vPukn0R5lP,I Am Pegasus,Ross Ryan,...My Name Means Horse (Remastered),1974,https://i.scdn.co/image/ab67616d0000b273966ec090ae20952f2ce63916,240080,0,Rock,0.34,Aztec Music
41Al942aUUeiSFlIsiWRa2,"Julie, Do Ya Love Me",Bobby Sherman,"With Love, Bobby",1970,https://i.scdn.co/image/ab67616d0000b27355cb17fbcbe3e51ef97cf3c0,172837,34,Pop,0.425,RKO Music
3OEATvBsF5xbzQj5hzynfo,I Can Show You,Tim & Jean,Like What,2011,https://i.scdn.co/image/ab67616d0000b2738ebcda683220eb49e9efdba3,189866,0,Rock,0.711,Universal Music Australia Pty. Ltd.
636xfaLHapFBbRvxSbeo1J,Sky Diver,Daniel Boone,The Best Of Daniel Boone,2009,https://i.scdn.co/image/ab67616d0000b27333764a977e9ceff8d0b710de,157280,11,Pop,0.659,Vanilla OMP
6D4BtvbOjPNqLxxyrYlQRB,Chained To The Wheel - 2007 Remastered,The Black Sorrows,The Essential,2007,https://i.scdn.co/image/ab67616d0000b2739dcdd1960584bf4f0831b24c,237066,26,Rock,0.543,Sony BMG Music Entertainment
67kfVq3npkjohNZr1j2HF6,The Loved One,The Loved Ones,Magic Box,1995,https://i.scdn.co/image/ab67616d0000b2730216a1458c48680240d64416,173866,26,Rock,0.49,Universal Music Australia Pty. Ltd.
1ZuErf9aFx2oHLjfPkA35r,Hard Love,Ellie Drennan,Hard Love,2016,https://i.scdn.co/image/ab67616d0000b273914b07c1b6e0588d2e38d509,227653,0,Pop,0.628,Universal Music Group
79Dl8iYn0PFQG2wqDxPlQU,Escape (The Pina Colada Song),Rupert Holmes,'70s Pop #1's,2007,https://i.scdn.co/image/ab67616d0000b2737638f11317bb778dac14f2df,276413,51,Rock,0.818,Universal Music Group International
6d9RNpnqv03uSjJoyYfJ9L,Sound of Summer,Busby Marou,Sound of Summer,2018,https://i.scdn.co/image/ab67616d0000b2732cfdcb8b0a441c7a78a6087c,186353,28,Musiques du monde / Reggae,0.472,WM Australia
3Vby4nGmtbDo7HDJamOWkT,Stuck In The Middle With You,Stealers Wheel,Stealers Wheel,1972,https://i.scdn.co/image/ab67616d0000b273a5ce236c22035a02cf87d4de,208946,76,Rock,0.82,UMC (Universal Music Catalogue)
5sPKBwjZV090di7qDXQfJp,Currency,Kayla Rae Haywood,Currency,2018,https://i.scdn.co/image/ab67616d0000b273347ad30d752cb421732b11d0,204992,0,Pop,0.62,Ivy Adara
6xepovPqjvrkEw9Y5AMmTm,Lambada - Original Version 1989,Kaoma,Lambada - Les originaux No. 1 de l'été (Original 1989),1989,https://i.scdn.co/image/ab67616d0000b27370a92681f8aff88714cb0296,207466,68,Musiques du monde / Reggae,0.756,Lambada
5Z8kUbnUQqBUzM5FsBNOAl,You Gotta Be,Des'ree,Supernatural,1998,https://i.scdn.co/image/ab67616d0000b273df5db9751cfa58ceadbed9a0,240066,49,Pop,0.663,S2
6lazLV13sV8VNGJTjL4Zeu,Black Is Black,Los Bravos,Black Is Black,2000,https://i.scdn.co/image/ab67616d0000b273ddcf42cf5d8e52405cf6248b,176600,51,Rock,0.575,Legacy Recordings
70TEuKwiK0bd5phEQkbvT4,Soaked,Bene,Soaked,2018,https://i.scdn.co/image/ab67616d0000b2739f69517837f837ee0b75480d,241935,0,Pop,0.792,Bene
623rRTKwGmgjH6sjE9uWLh,Scatman (ski-ba-bop-ba-dop-bop),Scatman John,Scatman's World,1995,https://i.scdn.co/image/ab67616d0000b273c7ed51b9dc1014285cae2ae2,215973,68,Électro / Dance,0.65,Iceberg Records
0VMGij4wSGBM5pSTcqjxeD,Sea of Love - 2006 Remaster,The Honeydrippers,"The Honeydrippers, Vol. 1 (Expanded)",1984,https://i.scdn.co/image/ab67616d0000b2734275ec095a72b84743934fce,183880,51,Rock,0.422,Rhino Atlantic
0X6fWeGBZDks4SbLPy7nuB,Judy in Disguise (With Glasses),John Fred and His Playboy Band,One-Hit Wonders! (Original – Recordings),2012,https://i.scdn.co/image/ab67616d0000b273dfb1a98b8c6866596c7c688a,174744,18,Pop,0.638,2012 Carinco Neue Medien AG
4SqOVebclQiYEVo63QdIux,Melting Pot,Blue Mink,Melting Pot - The Best of Blue Mink,2000,https://i.scdn.co/image/ab67616d0000b273d5553629f264d958223b0773,227640,0,Pop,0.376,Sanctuary Records
1TcICCq5BTysmnCWhG5dE9,It's Good News Week,Hedgehoppers Anonymous,UK Records 80 Great Hits from the 60s & 70s,2013,https://i.scdn.co/image/ab67616d0000b273c23ca1f2e1c2fbceae7d826f,125586,0,Rock,0.52,Revvolution
6OufwUcCqo81guU2jAlDVP,Love Tonight (Edit),Shouse,Love Tonight,2017,https://i.scdn.co/image/ab67616d0000b27381376e47003d45f6513b5657,241970,68,Électro / Dance,0.727,Hell Beach
1A2PWRltFrX8iB8IP3CUgo,St. Elmos Fire (Man in Motion),John Parr,St. Elmo's Fire - Music From The Original Motion Picture Soundtrack,1985,https://i.scdn.co/image/ab67616d0000b273c500e7ab2ab870a9fed56e8f,251800,63,Rock,0.612,Atlantic Records
0WILwgVyv5RU9oOUpw3y5P,Remind Me,Conrad Sewell,All I Know,2015,https://i.scdn.co/image/ab67616d0000b273bcf48434d6fce36b74228c17,186264,30,Pop,0.605,300 Entertainment
632GESqggMN84rS3sRXy0K,Two Wrongs (feat. Claudette Ortiz),"Wyclef Jean, Claudette Ortiz",Two Wrongs (feat. Claudette Ortiz),2002,https://i.scdn.co/image/ab67616d0000b273123ebaa0a5b3f28ce7e1bf8f,231133,43,Hip-Hop / Rap,0.662,Columbia
3krYebqW8kK4xgG8vtTD3T,Maniac,Michael Sembello,Pure '80s: #1s,2006,https://i.scdn.co/image/ab67616d0000b273ce3a819629055278dac24a76,257933,0,Électro / Dance,0.611,HIP-O (UC)
3wpnNZWp8uyVlNBPi6T3zH,Pop!ular,Darren Hayes,The Tension And The Spark,2004,https://i.scdn.co/image/ab67616d0000b273ac3fb9be8cb10ec973ae91a5,233013,21,Pop,0.783,Columbia
4zXp1M2eaaJbTP074be40B,I'm Your Little Boy,Heintje,I'm Your Little Boy,1970,https://i.scdn.co/image/ab67616d0000b273505d08a3095507705151aa42,165920,21,Musiques du monde / Reggae,0.45,CNR Music
6Q25js1UmXo9I5HZJbZlRM,Stay Awhile,The Bells,Stay Awhile,2018,https://i.scdn.co/image/ab67616d0000b27333d0d08129528588c314b09b,204333,0,Rock,0.558,Hitstown
393WZ3Qnwcib5ehS18OBH3,Resurrection Shuffle - Remastered,"Ashton\, Gardner & Dyke",The Best of Ashton Gardner & Dyke,2014,https://i.scdn.co/image/ab67616d0000b273aa0280e0fc637fd419229605,193760,29,Pop,0.601,Repertoire Records
1349a1cfv3J1bb0qGch29z,Almost Love,Sabrina Carpenter,Almost Love,2018,https://i.scdn.co/image/ab67616d0000b27377a3675d9683189079dc1a3b,212371,0,Pop,0.81,Hollywood Records
2MeNSNQa0vSkGOq9bCrhmq,Get Out,Casey Abrams,Casey Abrams,2012,https://i.scdn.co/image/ab67616d0000b2735e445e2108c08017a61eaa58,211920,32,Pop,0.689,Concord Records
3ldG6XCLDXxWg1N6XhrSKo,Shy Guy,Diana King,Tougher Than Love,1995,https://i.scdn.co/image/ab67616d0000b2735c03a2a48bf8a0a94e01be9b,258560,58,Musiques du monde / Reggae,0.714,Work
6P0AbpQHF7L327pP1XCGDl,Hip Hop Holiday (Radio Mix) [Bonus Track],3 The Hard Way,Old Skool Prankstas,2012,https://i.scdn.co/image/ab67616d0000b273a0d7d016eb456933233231fc,219160,0,Hip-Hop / Rap,0.851,Propeller Lamont Ltd
6QZFBZNz0vIDwBsGC6sDSd,Angel Baby,Rosie & The Originals,The Unavailable 16 & The Original Nitty Gritty,1993,https://i.scdn.co/image/ab67616d0000b2732cf4397e15e2274674e14085,227624,0,R&B / Soul,0.351,Universal Music Group
7HD8pjfVgvWgIfkzELtCuH,Don't Want to Leave You,Scouting For Girls,Everybody Wants To Be On TV,2008,https://i.scdn.co/image/ab67616d0000b2730ebb3843c6517942ef0987a4,178600,0,Pop,0.448,Epic
5u0pZ5m0E0ovcbsZzrq4vu,Six Ribbons - Soundtrack Version,"Jon English, Mario Millo",The Best Of Jon English (20th Anniversary Edition),1993,https://i.scdn.co/image/ab67616d0000b2730779ac4fbeed886c2adb2dd6,194706,0,Rock,0.614,Ambition Entertainment Pty Ltd
1pZdegOXTZ2ftINo3oUuRZ,Bedroom Floor,Liam Payne,Bedroom Floor,2017,https://i.scdn.co/image/ab67616d0000b273cf0dd4aa0fcfdacdb3099a3d,188346,0,Pop,0.678,Universal Music Group
4FDjkgw75Lr0VEx5vOTGCk,Harder To Breathe,Maroon 5,Songs About Jane,2002,https://i.scdn.co/image/ab67616d0000b273fb869ab46e93e7069c67134f,173693,1,Pop,0.661,Universal Music Group
3WYYzUlLrl4NVNeoKd7MnG,We'll Sing in the Sunshine,Gale Garnett,My Kind of Folk Songs,1964,https://i.scdn.co/image/ab67616d0000b273645791d2040a58a149ba79c2,179120,37,Country / Folk,0.536,Legacy Recordings
2id8E4WvczfKHB4LHI7Np3,Edge of Seventeen,Stevie Nicks,Crystal Visions...The Very Best of Stevie Nicks,2007,https://i.scdn.co/image/ab67616d0000b2732614c295a38ee782d093aa09,329680,65,Rock,0.59,Reprise
2KklXplRtxMsBYo474Es0w,Be Mine,Ofenbach,Be Mine,2016,https://i.scdn.co/image/ab67616d0000b273e819b286432a124e510dc87b,161322,73,Électro / Dance,0.779,Elektra France
6Nx2pkkE7V7U0SCdP4UIRj,Bad Moon Rising,The Reels,Reel To Reel: 1978 - 1992,2007,https://i.scdn.co/image/ab67616d0000b273ef00b378d4555a01c13c3d98,224840,0,Rock,0.607,Bloodlines
4tFkgfdi8b3aNcKNthPqIF,Hearts a Mess,Gotye,Like Drawing Blood,2006,https://i.scdn.co/image/ab67616d0000b27304a30f1e2308015e73369279,366093,0,Pop,0.77,Gotye
4IFS1eTnjH2xzT2u4CX8Z1,What's a Girl to Do?,Sister2sister,One,2000,https://i.scdn.co/image/ab67616d0000b2734497475be3e82ce527571b47,207066,17,Pop,0.707,WM Australia
0lx2cLdOt3piJbcaXIV74f,willow,Taylor Swift,evermore,2020,https://i.scdn.co/image/ab67616d0000b27333b8541201f1ef38941024be,214706,74,Pop,0.392,Taylor Swift
1a9xl4pIr7abbkLrmqQTum,It's Just Not Cricket,The 12th Man,The Very Best Of Richie,2015,https://i.scdn.co/image/ab67616d0000b2737991cea4350efa040969248d,323685,0,Divers / Variété,0.608,EMI Recorded Music Australia Pty Ltd
3Q7JdfxAPsOz9nzcnHUP33,Teenager Of The Year,Lo-tel,The Essential Indie Album,2011,https://i.scdn.co/image/ab67616d0000b27379c454696ceec4ca6bace7e6,267813,0,Rock,0.469,Sony Music Entertainment
54otluCUt7Pzvi8JC6aJE5,Nobody Likes A Bogan,Area-7,Say It To My Face,2001,https://i.scdn.co/image/ab67616d0000b273046b64155e10bbc2085b9600,141333,36,Rock,0.604,Area-7
4VKbwCqcvG1vifu7WxpvdB,Dum Da Dum,Melodie MC,Northland Wonderland,1993,https://i.scdn.co/image/ab67616d0000b2731731a65c792c7ca8e38277cb,256413,39,Électro / Dance,0.967,Parlophone Sweden
307wdnyFVlUJSWMtX5IMVl,Polka,Yves Klein Blue,Ragged & Ecstatic,2009,https://i.scdn.co/image/ab67616d0000b273d5b40d309f132c023a6cd91d,251480,27,Rock,0.514,Universal Music Australia Pty. Ltd.
2E9Zp0uxsOmqbmy0C6Fi4N,Forever - Lady of Soul,Damage,Forever,1998,https://i.scdn.co/image/ab67616d0000b2735a2b04dadc2fc6d63b08a931,449800,38,Pop,0.561,Prism Leisure Ltd
43PVNOKUk8rnT56ZCSYdaD,No One Else Comes Close,Jay R,Soul In Love,2008,https://i.scdn.co/image/ab67616d0000b2736337e748b48fced9c45de643,228280,46,Musiques du monde / Reggae,0.566,Universal Records Philippines
3cXO1BNBUvqaO5rR19PDKT,I Like It Both Ways,Supernaut,Supernaut,1976,https://i.scdn.co/image/ab67616d0000b27327646b93b8c2d7781d73d6e1,225038,0,Rock,0.503,Bloodlines
7DH5dXVuQaqcKf9oTy9oUN,He'll Have to Go,Jim Reeves,The Essential Jim Reeves,1997,https://i.scdn.co/image/ab67616d0000b2732aedd8069da6df1e8a607320,138640,44,Country / Folk,0.554,RLG/Legacy
753mHSQFnp1jpiYuqU3byN,Stay with Me,Jasmine Thompson,Take Cover,2014,https://i.scdn.co/image/ab67616d0000b2733c992f6deaf661fe16141349,195669,27,Pop,0.404,Atlantic Records
0dc0eU5THc1uE0Q0KV73XN,"Please Help Me, I'm Falling",Hank Locklin,RCA Country Legends,2003,https://i.scdn.co/image/ab67616d0000b27351626ff4836e45a4dafa5cda,141466,44,Country / Folk,0.552,RLG/BMG Heritage
1WYZdl58Vg7Hs19QPJOSWu,Lost Stars,Adam Levine,V (Deluxe),2014,https://i.scdn.co/image/ab67616d0000b273892abc7071df009001376211,266706,0,Pop,0.491,Polydor Associated Labels
1IYn7ytdb8byvHKS7S3Cat,"Somewhere, My Love (Lara's Theme from ""Doctor Zhivago"")",The Ray Conniff Singers,"SOMEWHERE MY LOVE (Love Theme from ""Dr. Zhivago"") And Other Great Hits",1966,https://i.scdn.co/image/ab67616d0000b273c7971fe2f14fdff84abf03a8,148626,40,Divers / Variété,0.477,Columbia
1rPCgtaIF0CyKRgAwhtpbF,Adore,Amy Shark,Adore,2016,https://i.scdn.co/image/ab67616d0000b2737810b79692e17339fa4474be,184999,45,Pop,0.592,Wonderlick
1W3kOvOTfSRJgrAgeoUczq,He'll Have to Stay,Jeanne Black,A Little Bit Lonely,2001,https://i.scdn.co/image/ab67616d0000b27361f61ee1b746da6c81100957,159608,1,Divers / Variété,0.45,TP4 Music
1CnPYaKxTVb4LWOtiGOm0m,All Time Low,Jon Bellion,The Human Condition,2016,https://i.scdn.co/image/ab67616d0000b273a01c1fddc334c0bd15e4452d,217603,63,Hip-Hop / Rap,0.617,Capitol Records (CAP)
1agVrzicFWExgEiAtk8lmr,Cum on Feel the Noize,Slade,Sladest (Expanded),1973,https://i.scdn.co/image/ab67616d0000b27323840816dd15f4053bdd494d,264880,0,Rock,0.398,BMG Rights Management (UK) Limited
3VGBUfN2EOVHJ4Y92yIh2f,With A Girl Like You,The Troggs,From Nowhere,1966,https://i.scdn.co/image/ab67616d0000b27327b24620f0b3b592472552f5,128493,48,Rock,0.65,UMC (Universal Music Catalogue)
6kwOrSwpr6R6kLtz82dpbI,Most People I Know,Billy Thorpe & The Aztecs,The Very Best Of,2007,https://i.scdn.co/image/ab67616d0000b273423d8fbd404e3a60d5e1dde8,257026,46,Rock,0.419,WM Australia
5EzNQowUZrW8dd92HLvRsK,Drink Too Much,G Flip,Drink Too Much,2019,https://i.scdn.co/image/ab67616d0000b273437d60f35824aee69d8f505b,220627,0,Pop,0.704,G Flip
73QEvtBq1fNbMnlhQSFV9M,Bad Child,Tones And I,Bad Child / Can't Be Happy All the Time,2020,https://i.scdn.co/image/ab67616d0000b2733f977d08405e2c034b7c5fe4,221466,46,Pop,0.758,Sony Music Entertainment
4hWc2hf2ViTAmhTvI8e4lv,All Your Exes,Julia Michaels,All Your Exes,2021,https://i.scdn.co/image/ab67616d0000b27330b5382fe54b3bc10741f5fb,209275,15,Pop,0.528,Republic Records
1QMpN6RQXXlwMycmCBwwQz,Darlin' - 2011 Remaster,Frankie Miller,Falling in Love (2011 Remaster),1979,https://i.scdn.co/image/ab67616d0000b2739be06afb6aa02e2547f4a255,184414,0,Rock,0.754,Chrysalis Records
7I8PL2ZXS5CjmU6QPpX9Oc,I Wouldn't Trade You For The World,The Bachelors,The Bachelors - The Decca Years,1999,https://i.scdn.co/image/ab67616d0000b273589b9c6ea2c6bb65c047ca17,161160,34,Rock,0.499,Decca Music Group Ltd.
10YdhNF79cE9r9yyIDjot1,Man on Mars,Kaiser Chiefs,The Future Is Medieval,2011,https://i.scdn.co/image/ab67616d0000b27382f37f6c30793851a9d0b1f3,250746,0,Rock,0.311,B Unique UK Ltd
5t6q0AC5pTGxCnLSg3qu4i,1-2-3,Len Barry,The Best Of The Dovells 1961-1965,2005,https://i.scdn.co/image/ab67616d0000b273a158ffad118b006851856bef,141840,20,R&B / Soul,0.65,"ABKCO Music and Records, Inc."
407vJkfEQMGDu1MVCWNnMX,I'm Not Over,Carolina Liar,Coming To Terms,2008,https://i.scdn.co/image/ab67616d0000b27311b32bddec78cb96bcd8154b,201626,45,Rock,0.533,Atlantic Records
1QkaME1J8C8Pau6DHwkrIO,Arms Around Me,Starley,Arms Around Me,2020,https://i.scdn.co/image/ab67616d0000b2739c921ce076ac60220ccc94aa,181363,4,Électro / Dance,0.702,Universal Music Australia (Distribution)
7r7M8ZN5NVHxxFdkUzSKYQ,Freefallin - Radio Edit,Zoë Badwi,Zoë,2011,https://i.scdn.co/image/ab67616d0000b273ef914a97a92a933e498206d5,196874,0,Électro / Dance,0.528,WM Australia
3iw6V4LH7yPj1ESORX9RIN,Wellerman - Sea Shanty / 220 KID x Billen Ted Remix,"Nathan Evans, 220 KID",Wellerman - Sea Shanty / 220 KID x Billen Ted Remix,2021,https://i.scdn.co/image/ab67616d0000b273b55f1a2f0299d6525c6ac99e,116750,65,Électro / Dance,0.722,Polydor Records
47xLbuUdmD03ATrke934S1,Freestyler,Bomfunk MC's,Freestyler,2000,https://i.scdn.co/image/ab67616d0000b2738d4c27eb9cd0fbd022b153f0,306333,53,Électro / Dance,0.822,Epidrome
35kyKr5ArvTnFlldwR7JAD,Move Your Feet,Junior Senior,D-D-Don't Don't Stop The Beat,2002,https://i.scdn.co/image/ab67616d0000b2730ac888cc7f90f140ea29bc45,181826,0,Pop,0.747,Crunchy Frog
1Yw6ViCo3tuufI0Hg4mzSU,You Make It Real,James Morrison,"Songs For You, Truths For Me (International Exclusive Bundle)",2008,https://i.scdn.co/image/ab67616d0000b273f55d805b0d28c9d908bd6df7,211400,55,Pop,0.317,Polydor Records
1A6X8840ZrptR1oJu8skSW,I Should Have Known Better,Jim Diamond,Music For Lovers,2003,https://i.scdn.co/image/ab67616d0000b273b85d2257df9d9eedde0dae4b,244506,30,Rock,0.494,Spectrum
2xBmOFFbjtgCgl9vciZsj6,Love Love Love,Avalanche City,Our New Life Above The Ground,2011,https://i.scdn.co/image/ab67616d0000b273326ccbc8bd3b61faad78ed04,192826,38,Country / Folk,0.519,WM Australia
2EK2AZ0MYNsO8cgkC6DwAT,100% Pure Love,Crystal Waters,"Body By Jake: '90s Throwback Tune-Up: Biking, Hiking, Climbing, Walking, Lifting (BPM 99-140)",2015,https://i.scdn.co/image/ab67616d0000b273d74c046902354511f75beb3e,280613,0,Électro / Dance,0.814,Universal Music Group
42ziF34uW56yqVpDQKLVp9,Enough (feat. Gizzle),"Delta Goodrem, Gizzle",Wings of the Wild,2016,https://i.scdn.co/image/ab67616d0000b27365028f49de79b27dc653d9df,268527,31,Pop,0.433,Sony Music Entertainment
4g2B1iGsws8hpI5c2Rx7Ko,You've Got Your Troubles - Remastered,The Fortunes,The Very Best (Remastered),2015,https://i.scdn.co/image/ab67616d0000b27300176de56409ab687f6ec82d,208143,40,Rock,0.628,Rock Me Tender
0emd9tHSVP4dK6UG4pcOFD,Something In The Air,Thunderclap Newman,Hollywood Dream (Expanded Edition),1969,https://i.scdn.co/image/ab67616d0000b2732aa39070340f902ce294caec,234360,49,Pop,0.506,UMC (Universal Music Catalogue)
63SevszngYpZOwf63o61K4,Nevermind,Dennis Lloyd,Nevermind,2017,https://i.scdn.co/image/ab67616d0000b2734dbdd4d3c69bec0d471fc479,156600,78,Pop,0.6,WM Italy
42yb3aUH2iUYzbcIelm2f9,This Is How We Party,S.O.A.P.,Not Like Other Girls,1998,https://i.scdn.co/image/ab67616d0000b273abd3fef453dcf3536c34b635,198066,37,Électro / Dance,0.758,Soap Records
3YyRYbYOpR3LrPUL1B41Mx,Sugar Me,Lynsey De Paul,Surprise,1973,https://i.scdn.co/image/ab67616d0000b2738724ad3facb58ff09f3677d1,220133,0,Pop,0.556,Chrysalis Copyrights
1rqqCSm0Qe4I9rUvWncaom,High Hopes,Panic! At The Disco,Pray for the Wicked,2018,https://i.scdn.co/image/ab67616d0000b273c5148520a59be191eea16989,190946,79,Pop,0.579,DCD2 / Fueled By Ramen
4vvOv6MDFFPpEb1gwwb2ZD,Baby Got Back,Sir Mix-A-Lot,Mack Daddy,1992,https://i.scdn.co/image/ab67616d0000b27396f68aaa099dab30fe7f17ff,262826,0,Hip-Hop / Rap,0.937,Universal Special Markets
7pszcrE10CThu1inqXw2R4,Nothing's Real but Love,Rebecca Ferguson,Heaven (Deluxe),2011,https://i.scdn.co/image/ab67616d0000b273af3b37c017ef8f022c102a1a,173626,0,Pop,0.45,RCA Records Label
6Bh21G1OwdiRGnhnCV6v95,What It's Like,Everlast,Whitey Ford Sings The Blues,1998,https://i.scdn.co/image/ab67616d0000b273239e0cd38c83a844427718ab,304306,0,Rock,0.652,"Tommy Boy Music, LLC"
7jKEokbeRzFjPGeMUg6WpW,Oceans,Slip-On Stereo,Oceans,2016,https://i.scdn.co/image/ab67616d0000b2738aa1cc34931dce0fac23191c,203240,5,Musiques du monde / Reggae,0.725,Slip on Stereo
7hIo2An8IJ0gBtzogU7Lud,If I Can't Have You,Yvonne Elliman,Saturday Night Fever (The Original Movie Soundtrack),1977,https://i.scdn.co/image/ab67616d0000b273605128d275ca60ccc9cd3b6d,178066,45,Électro / Dance,0.619,Bee Gees Catalog
6AGOKlMZWLCaEJGnaROtF9,Put Your Records On,Ritt Momney,Put Your Records On,2020,https://i.scdn.co/image/ab67616d0000b273d52d8eb3be188231e120dbbd,210463,68,Pop,0.399,Columbia
6Mfv6JuhcRtWnsABIJU9jv,Comin' Home,The Radiators,Feel The Heat,1979,https://i.scdn.co/image/ab67616d0000b27345d5a7bcac7cabd41b00b156,188280,44,Rock,0.624,WM Australia
1J2HX4G9B5nvJoMP5qZYiI,Do What You Do Well,Ned Miller,From A Jack To A King - Greatest Hits,2011,https://i.scdn.co/image/ab67616d0000b2734b1b99a39d63e812be8005b6,153666,9,Country / Folk,0.612,"Nifty Music, Inc."
7LmDmvqagpX0PKxveGtZTa,Jeopardy,The Greg Kihn Band,Kihnspiracy,1983,https://i.scdn.co/image/ab67616d0000b27397b1c2b7c4970564949648ba,229653,0,Rock,0.851,Riot Records
0lnxrQAd9ZxbhBBe7d8FO8,MMMBop,Hanson,Middle Of Nowhere,1997,https://i.scdn.co/image/ab67616d0000b273184227f002623fc19f44551a,268653,66,Pop,0.683,Island Mercury
5cTzvLAGCtOedIzJmz5Exg,Shout,"Joey Dee, The Starliters","Hey, Lets Twist (Original Soundtrack Plus Bonus Tracks 1962)",2013,https://i.scdn.co/image/ab67616d0000b2738796d79954b1cb1167d7a474,268320,7,Pop,0.437,The Twist
5NBWyzJWYFy6kx5Gmp8Q2u,Sugar Free,Wa Wa Nee,Wa Wa Nee,1986,https://i.scdn.co/image/ab67616d0000b273013af8e32b471ae77b4a9b0d,269160,19,Rock,0.722,Sony Music Entertainment
0wegjSmMmGyIt8hr0KCu9u,Bottle Of Wine,The Fireballs,Clovis Classics: The Definitive Collection,2009,https://i.scdn.co/image/ab67616d0000b2737fc5c579995af498dd41d442,130226,0,Rock,0.65,Ace Records
5LDNTJvA9PT2XuK2RAQ5Bv,Impossible,Daniel Merriweather,Love & War (Nokia Exclusive),2009,https://i.scdn.co/image/ab67616d0000b2737119b2eeafa828ad8d87d9c9,259826,8,Pop,0.741,Universal Music Australia Pty. Ltd.
2BW5SkCO9UoosqyxpY3CVq,Hush Not a Word to Mary,John Rowles,The Singer & the Songs / Sings the Classics,2008,https://i.scdn.co/image/ab67616d0000b2731a4457aedfd729e62b0636b8,184013,0,Pop,0.479,Rajon Music Group New Zealand
05vJ7T5PZFNCyTVULUaPI6,Let the Little Girl Dance,Billy Bland,The Original Hit Recording - Let the Little Girl Dance,2012,https://i.scdn.co/image/ab67616d0000b273ab6952f2ad9324f11c8ed422,143098,0,Divers / Variété,0.585,MS Embassy
6cg3CWWHTui9KAew9dHIjT,See My Baby Jive - 2006 Remaster,Wizzard,Wizzard Brew,1973,https://i.scdn.co/image/ab67616d0000b273cfa6e6e1fc2b6cd5895dad69,302333,38,Rock,0.359,Parlophone UK
2QqbBVwpyJn7SL7thga35w,Tonight,New Kids On The Block,Step By Step,1990,https://i.scdn.co/image/ab67616d0000b273f4a3db1e7551dab2fb1c06e2,207466,52,Pop,0.469,Columbia
23prqukOZaHgnIqI0JhwVz,Nervous,Gavin James,Bitter Pill,2016,https://i.scdn.co/image/ab67616d0000b2735dc49127f91fc5ebd6187cb6,216200,0,Pop,0.516,Liberator Music
12m1CEDKG364RUC0pQiHHQ,A Fifth Of Beethoven,Walter Murphy,Saturday Night Fever (The Original Movie Soundtrack),1977,https://i.scdn.co/image/ab67616d0000b273605128d275ca60ccc9cd3b6d,182533,26,Jazz / Blues,0.687,Bee Gees Catalog
5po2HCMZvJ0aPSxRRGKm3p,Substitute,Clout,Since We've Been Gone,2005,https://i.scdn.co/image/ab67616d0000b27375836de15d18f2fc114fcf1a,209186,0,Pop,0.703,Electromode
17Li4ZicsYYVuh0ECDLxUv,Come Said The Boy - Digitally Remastered,Mondo Rock,The Greatest Hits,2017,https://i.scdn.co/image/ab67616d0000b2737f4a1833df2728830de4a293,315986,48,Rock,0.692,Bloodlines
2v0FHlUsRKKSCZE0SchaSu,Always Be Here,Dane Rumble,The Experiment,2011,https://i.scdn.co/image/ab67616d0000b27353fc2478e63c773e767c9c3b,225480,0,Pop,0.768,Universal Music Australia Pty. Ltd.
0L2W0uykC2hsWySDg5qEly,Pamela Pamela,Wayne Fontana,The Best of Wayne Fontana,1984,https://i.scdn.co/image/ab67616d0000b273b5a7dedd03f74206e9b0f994,129274,27,Rock,0.508,Gulf Coast Records
1mi9JKzRZP5gkNm4p5WHZd,I'm Your Funny Bear - The Gummi Bear Song,Gummibär,Gummi Bear,2009,https://i.scdn.co/image/ab67616d0000b27310dd9beecb53e61a91fc6caa,190240,0,Divers / Variété,0.928,Universal Music Australia Pty. Ltd.
5fgkjhICZnqFctrV0AyuQD,Walking in Memphis,Marc Cohn,Marc Cohn,1991,https://i.scdn.co/image/ab67616d0000b2735908f448fb4605e4eba3dbf9,252613,66,Pop,0.567,Rhino
5TAf4lnZCZTLlZHNZMLFLi,I Try,Macy Gray,On How Life Is,1999,https://i.scdn.co/image/ab67616d0000b2736fb355dfc944cce3598e30a1,239440,71,R&B / Soul,0.593,Epic
3ZWGhhdpOgBJCHI4HZ2xrn,Frozen Orange Juice,Peter Sarstedt,Playlist: The Best Of Peter Sarstedt,2016,https://i.scdn.co/image/ab67616d0000b273be8f688f6b18a9e29ee1477b,190626,20,Country / Folk,0.524,Rhino
0g1BxXBhdbhImlgjJoIGal,Keeping Score (feat. Paige IV),"L D R U, Paige IV",Sizzlar,2017,https://i.scdn.co/image/ab67616d0000b273ddfc39d59df0d7a0bce687a4,182950,40,Électro / Dance,0.629,Audio Paxx Agency
2ADU49RKktDsdPj0vKqJ6j,Let's Groove,CDB,The Essential,2010,https://i.scdn.co/image/ab67616d0000b273650c94ea9edcc528307a2f45,256519,37,Pop,0.833,Sony Music Entertainment
4UE8T2GKceEaNhn5ORTkyo,Caught in the Middle,A1,Make It Good,2001,https://i.scdn.co/image/ab67616d0000b273d898a5b0f91ad3005f0b8e00,206466,47,Pop,0.519,Columbia
0u9rjPUcYJvAbm2lJJxffT,Selling Me Out,Tuka,Selling Me Out,2019,https://i.scdn.co/image/ab67616d0000b273e085c258174492b2747bda25,213287,16,Hip-Hop / Rap,0.739,EMI Recorded Music Australia Pty Ltd
1zDER0tdPIScu7PLau1zB8,Victory,Bond,Instrumentales Para La Cena de Navidad,2020,https://i.scdn.co/image/ab67616d0000b273d3001cfeedba14194c2b313e,205800,0,Pop,0.577,UME - Global Clearing House
7lbS6qE0XwACVxgQQehVZD,We Are Golden,MIKA,The Boy Who Knew Too Much,2009,https://i.scdn.co/image/ab67616d0000b2733abd86b2438cb9cb48811332,238040,0,Électro / Dance,0.544,Universal Music Group
3bmgkdM9DOmaby60QvQiLc,No Lies,Noiseworks,Greatest Hits,1992,https://i.scdn.co/image/ab67616d0000b2738ab3a3015d39464755d92500,233333,35,Rock,0.565,Columbia
6QOg1CWFpLAsIK7I54JX4G,Those Were The Days - Remastered,Mary Hopkin,Post Card (Remastered 2010 / Deluxe Edition),1969,https://i.scdn.co/image/ab67616d0000b2732af71bc7c47b3ae12aadcbb8,310213,50,Pop,0.374,EMI Catalogue
2G5Uvo1Qhnfr3fpJJlS4Ot,Mississippi - Single Version,John Phillips,John The Wolfking Of L.A.,2006,https://i.scdn.co/image/ab67616d0000b273506706426f4e3a5d64935232,187880,0,Country / Folk,0.647,Varese
0ahoy8jrLmwsLDkgu1yV9U,Oh No Not You Again - Remastered,Australian Crawl,Sirocco (Remastered),1981,https://i.scdn.co/image/ab67616d0000b273be12aec8b32a132da28d3e3b,308746,54,Rock,0.673,Universal
4kyD6BInAY3o9LFBShenzn,Rich,Big Yavo,On God II,2021,https://i.scdn.co/image/ab67616d0000b2732a0f57e8fd9477c93ae77ee9,141000,24,Hip-Hop / Rap,0.862,Cinematic Music Group
33LC84JgLvK2KuW43MfaNq,"My Heart Will Go On - Love Theme from ""Titanic""",Céline Dion,Let's Talk About Love,1997,https://i.scdn.co/image/ab67616d0000b273def7146ca744f3b1bf838404,280000,73,Pop,0.428,Columbia
3Z2tPWiNiIpg8UMMoowHIk,We Are The World,U.S.A. For Africa,We Are The World,1985,https://i.scdn.co/image/ab67616d0000b273920f421260033ee54865d673,427333,65,Divers / Variété,0.528,USA for Africa
4Ekg9NEwMbyJ9jzbgEEJZM,Nightmare (Sinister Strings Mix),Brainbug,Nightmare (Classic Remixes Volume 1),2012,https://i.scdn.co/image/ab67616d0000b27326188e9bf4aa768a7dce9f44,409866,27,Électro / Dance,0.713,Attiva sas
5juT8DyDF6RwjxG2FkC4Sl,Do You Wanna Be - Single Version,I'm Talking,Bear Witness (Collectors Edition),2018,https://i.scdn.co/image/ab67616d0000b273c99551af2739488020fb7a4d,250902,0,R&B / Soul,0.655,Bloodlines
1vuU11KzqTt084vufdrzIa,Shape I'm In,Jo Jo Zep and The Falcons,Screaming Targets,1979,https://i.scdn.co/image/ab67616d0000b273483bea3d9e997e9c80b4db56,214373,43,Rock,0.694,WM Australia
24mZHxxTvEpNUAmcY1o9vw,Joanne,"Michael Nesmith, The First National Band",Magnetic South (Expanded Edition),1970,https://i.scdn.co/image/ab67616d0000b2732579cc0a4b7d66089904e42b,190560,33,Rock,0.408,RCA/Legacy
29KiGwvYBw6JGQWrAlLhGg,Perfect,Fairground Attraction,The First Of A Million Kisses,1988,https://i.scdn.co/image/ab67616d0000b27325481743ca76881559f8d6c2,216573,51,Rock,0.58,RCA Records Label
6tNQ70jh4OwmPGpYy6R2o9,Beautiful Things,Benson Boone,Beautiful Things,2024,https://i.scdn.co/image/ab67616d0000b273bef221ea02a821e7feeda9cf,180304,87,Pop,0.472,"Night Street Records, Inc./Warner Records Inc."
0U969xYNlAyfzi8P1TaO7u,Wait for You,Elliott Yamin,Elliott Yamin,2007,https://i.scdn.co/image/ab67616d0000b2739fdd7d1b6b208937157ee182,261320,55,Pop,0.764,Hickory/Sony ATV/RSM/RED
1lItf5ZXJc1by9SbPeljFd,Juju on That Beat (TZ Anthem),"Zay Hilfigerrr, Zayion McCall",Juju on That Beat (TZ Anthem),2016,https://i.scdn.co/image/ab67616d0000b273186678fe32d915298c28d576,144244,56,Hip-Hop / Rap,0.807,"Tha Lights Global, INC/Atlantic Recording Corp"
46dWvPwaO8mNLgUIU35y3q,Hoops,The Rubens,Hoops,2015,https://i.scdn.co/image/ab67616d0000b273914850da7c3ffb2532ffcebb,158973,0,Rock,0.731,Ivy League Records
4b8FEPNal2ytaHOjWYQQ22,The Morning After - Single Version,Maureen McGovern,100 70s,2012,https://i.scdn.co/image/ab67616d0000b2731d54cff833474bfea1990ae7,141484,0,Pop,0.402,Universal Music
66wkmlfx3H0Oqg1frvJjhu,Get Up and Boogie - That's Right,Silver Convention,Silver Convention - Fly Robin Fly,2010,https://i.scdn.co/image/ab67616d0000b2738daf12b034cab3d5442003dc,172066,37,Électro / Dance,0.797,Butterfly Productions
1C0vXECyJHUeqOo2Etvrr2,My Immortal,Evanescence,Fallen,2003,https://i.scdn.co/image/ab67616d0000b273f3302494cdc2c9f2eef99a18,262533,0,Rock,0.204,Universal Music Group
2GBoo6ufWtMy1s6lqgbjJ8,Love Me For A Reason,Boyzone,Said And Done,1995,https://i.scdn.co/image/ab67616d0000b273fd3682bfa7e707e32f8fb500,218133,58,Pop,0.431,Universal Music Ireland Ltd.
7knBFuX3LR675ByqoAypd6,Picture Frames,Georgia Fair,Georgia Fair,2009,https://i.scdn.co/image/ab67616d0000b2731be57f6e5f875b903d7f0f46,178853,23,Country / Folk,0.614,Sony Music Entertainment
0LUWi58l0cfc9Gm2A8Wegw,In My Little Corner Of The World,Anita Bryant,The Very Best Of,2010,https://i.scdn.co/image/ab67616d0000b2732340e6c0d7bb589fedb3cdad,160080,0,Divers / Variété,0.483,Master Classics Records
5mr5BYMh6C0eb8oUwUrZZl,Julie Anne,Kenny,Playlist: The Best Of Kenny,2016,https://i.scdn.co/image/ab67616d0000b273fc7feeaa26c0eb42245272f1,181693,19,Pop,0.521,Rhino
5mjYQaktjmjcMKcUIcqz4s,Strangers,Kenya Grace,Strangers,2023,https://i.scdn.co/image/ab67616d0000b2734756c2e9ae436437cd75e9f3,172964,78,Pop,0.628,Warner Records/Major Recordings
2hdhm6piUJnmKXmEmskXCg,Save Tonight,Eagle-Eye Cherry,Desireless,1997,https://i.scdn.co/image/ab67616d0000b2730b85593f08d19d9036929e0f,242733,0,Rock,0.545,Polydor
2982ukQdbfmeGvM5LOuGEw,Just Like Fire Would,The Saints,All Fools Day,1987,https://i.scdn.co/image/ab67616d0000b2731ee60e741edc34023dea2f71,204026,0,Rock,0.552,WM Australia
27NdsozWYH0EAnrhO4RAZ2,19,Paul Hardcastle,This Is... 1985,2008,https://i.scdn.co/image/ab67616d0000b27322501051dee2cd4c0241a6aa,210853,0,Jazz / Blues,0.753,Parlophone UK
5ry1HkEoemp8a9y6qhseIz,Big Time Operator,"Jeff St John, The ID",Big Time Operators,1967,https://i.scdn.co/image/ab67616d0000b27333428bd563a5708c9d7e870e,153333,0,Jazz / Blues,0.632,Laneway Music
4bIUVo06nIk2EkDIdVNwZp,Addicted,Stevie Hoang,This Is Me,2007,https://i.scdn.co/image/ab67616d0000b273ea5d2fa39cdf5acb01b6c62d,257000,44,Pop,0.798,stevie hoang music
0lNeripGLO9amN6KNYVZpw,22 Steps,Damien Leith,Where We Land,2007,https://i.scdn.co/image/ab67616d0000b27339c27a9231d73c8811e67e5c,215120,5,Pop,0.523,Sony BMG Music Entertainment
14BH4qO7pgCmIe6mgLKOK3,Someone To You,BANNERS,Empires On Fire,2017,https://i.scdn.co/image/ab67616d0000b273d8fac444b26ac8c2e9ff1a48,219800,67,Rock,0.468,Island Records
7FpkmUt2H3Mf9TVEGHkUpk,Will I Ever,Alice Deejay,Who Needs Guitars Anyway?,2000,https://i.scdn.co/image/ab67616d0000b2738d897b8994ce008298200408,194072,55,Électro / Dance,0.64,"Universal Music, a division of Universal International Music BV"
3LI4MmibTkXH5cGpCGZgyw,Teenage Dirtbag,Wheatus,"Songs From Dawson's Creek, Vol. II",2000,https://i.scdn.co/image/ab67616d0000b273bce5ea610d97401b08bd0a9b,241666,67,Rock,0.617,Columbia/Sony Music Soundtrax
2He3NOyqtLNE3RQPpeDdSb,Groove Is in the Heart,Deee-Lite,World Clique,1990,https://i.scdn.co/image/ab67616d0000b273cbcb5083c56df2a557625bca,231786,68,Électro / Dance,0.694,Elektra Records
1PEqh7awkpuepLBSq8ZwqD,I Love You Always Forever,Donna Lewis,Now in a Minute,1996,https://i.scdn.co/image/ab67616d0000b2733e8c8c3368963eff46c3998a,239960,68,Rock,0.744,Atlantic Records
1tMSsGhbQtMI4uPfUT2Mdo,When the Beat Drops Out,Marlon Roudette,Electric Soul,2014,https://i.scdn.co/image/ab67616d0000b273308a13425f75c321e1041e27,204026,35,Pop,0.613,WM Australia
455AfCsOhhLPRc68sE01D8,Last Friday Night (T.G.I.F.),Katy Perry,Teenage Dream: The Complete Confection,2012,https://i.scdn.co/image/ab67616d0000b273937af329667311f4b2831616,230746,72,Pop,0.649,Capitol Records
4dRtB5AKHfgfuFo5ExUzRP,Mockingbird (With Margaret McLaren),Johnny O'Keefe,The Very Best Of (Standard),2008,https://i.scdn.co/image/ab67616d0000b27330ad726114f1781c8d4d81bf,164720,11,Rock,0.844,WM Australia
5YLHLxoZsodDWjqSgjhBf3,Myself,Bazzi,COSMIC,2018,https://i.scdn.co/image/ab67616d0000b273f9f2d43ff44bdfbe8c556f8d,167552,61,Pop,0.745,iamcosmic
6P6JXuYde2BYahsfvjWVXU,Welcome Home,Peters & Lee,Peters & Lee,1989,https://i.scdn.co/image/ab67616d0000b273246bd4ebcc5c67f4f79ab71f,238866,21,Pop,0.699,President
3ayl4rTNR1rSqdi97VT2rZ,Sweet December,Short Stack,This Is Bat Country,2010,https://i.scdn.co/image/ab67616d0000b27356797e7da4f49ac9080a9f6b,234614,0,Pop,0.58,Universal Music Australia Pty. Ltd.
7HWH4kGaHR3ZwKNFPT4dSW,Puppy Love,Donny Osmond,Portrait Of Donny,1972,https://i.scdn.co/image/ab67616d0000b27385618248da0fd1e0485870d2,184973,42,Pop,0.414,Universal Records
1IpYDWB31L1CxDQZztadSi,Lonely,Akon,Trouble,2004,https://i.scdn.co/image/ab67616d0000b273c45a75cba7099003063c8e64,235800,0,Électro / Dance,0.629,SRC Records
4jobL8u8bt6AObVdhethdy,Tik Tok (Parody),The Midnight Beast,Tik Tok (Parody),2011,https://i.scdn.co/image/ab67616d0000b2739b252f119e35a5110a112ad7,212000,24,Divers / Variété,0.832,The Midnight Beast
4viUsO0ZnlZrVCM945K6on,Whip It! (feat. Chloe Angelides),"LunchMoney Lewis, Chloe Angelides",Whip It! (feat. Chloe Angelides),2015,https://i.scdn.co/image/ab67616d0000b2733b9730f2ee876fa56f9bbf67,242973,48,Hip-Hop / Rap,0.739,Kemosabe Records/RCA Records
0oRfRA3MUFHgIMGSzh3cfY,Horses,"Teddy Cream, Szabo",Horses,2017,https://i.scdn.co/image/ab67616d0000b273c26d4a461c958e4956d531a6,208087,22,Électro / Dance,0.676,Hussle Recordings [Domestic]
2BY7ALEWdloFHgQZG6VMLA,Brandy (You're a Fine Girl),Looking Glass,Looking Glass,1972,https://i.scdn.co/image/ab67616d0000b2734c95b7cf28c3015c914218e4,186826,76,Pop,0.716,Epic/Legacy
1g7Fjnv92bBYg8s0fHghro,You'll Never Know,1927,20... Ish Anniversary Edition,1988,https://i.scdn.co/image/ab67616d0000b2734c537bd4feebf90b1af2127e,221493,0,Rock,0.526,Albert
64c84nqx8WuBqqWCqsJfRs,Does Your Chewing Gum Lose It's Flavour (On The Bedpost Overnight)?,Lonnie Donegan,The EP Collection,1992,https://i.scdn.co/image/ab67616d0000b273e5bda391401ad754b66e0d6f,166933,10,Rock,0.691,See For Miles
2N0volXQpwsvjDorTTxBAU,Bonfire Heart,James Blunt,Moon Landing,2013,https://i.scdn.co/image/ab67616d0000b273fcf5fe7c303170c384855fe2,238000,65,Pop,0.575,Custard/Atlantic
7LjEQ8GsQiUNVakV6TZI0e,Baby,Madison Beer,Baby,2020,https://i.scdn.co/image/ab67616d0000b2732231abb3b9c86b22b887d198,207734,52,Pop,0.705,Epic/Sing It Loud
7LytWfv69NzPIojDdGex0X,I Can't Stay Mad at You,Skeeter Davis,Let Me Get Close To You (With Bonus Tracks),2008,https://i.scdn.co/image/ab67616d0000b273bb0aaf566ffcd74d9f0fecd0,126080,20,Country / Folk,0.543,Legacy Recordings
0upgxxew2mVAEctrz08jnf,Love Foolosophy - Radio Edit,Jamiroquai,A Funk Odyssey,2001,https://i.scdn.co/image/ab67616d0000b273909ebb0c355f14d0ee7f9974,224493,59,Électro / Dance,0.799,Epic
5lA6mFOvaiienokVbTZEQx,Mambo No. 5 (A Little Bit of...),Lou Bega,King of Mambo,2002,https://i.scdn.co/image/ab67616d0000b273ab480fe5878e1ca3a00b718d,219600,1,Musiques du monde / Reggae,0.607,Ariola Express
2QdbP8eBAmM9eyrlugPS2T,I've Got a Little Something for You,MN8,90s R&B,2014,https://i.scdn.co/image/ab67616d0000b273defddcc1c5b525859b81ebc8,220213,13,Jazz / Blues,0.66,Sony Music Entertainment
0Si5kJtH34NRIHDDovl2Qp,Place Your Hands,Reef,Glow,1997,https://i.scdn.co/image/ab67616d0000b273b8849220809fe987eecf0351,218426,50,Pop,0.507,Epic
5CvWCItJ13iDRH2bEZhtjy,Believer,Guy Sebastian,T. R. U. T. H.,2020,https://i.scdn.co/image/ab67616d0000b27331c4d69ad8350750f8d2bedd,225493,44,Pop,0.376,Sony Music Entertainment
1GxVhWjimzXKknQ2uHVhrV,Pack Up,Eliza Doolittle,Eliza Doolittle,2010,https://i.scdn.co/image/ab67616d0000b273e5b3b4caab09adc786de9308,191026,36,Pop,0.672,Parlophone UK
7MUO4NG8cNjTEQlANYwmoU,Put A Little Love In Your Heart,Jackie DeShannon,Laurel Canyon (Deluxe Edition),1968,https://i.scdn.co/image/ab67616d0000b273f0026bf8df25e8b7ba88d239,156826,48,Pop,0.596,Zonophone
0QxCLD4xJlE8vv0Cvrb8TO,'74-'75,The Connells,Ring,1993,https://i.scdn.co/image/ab67616d0000b273d58a4c6a01b39a4946119c24,278973,0,Pop,0.53,Universal Music Group
5HBc1VOi4e7nRK4MTGUGHj,Sucker DJ - Radio Edit,"Dimples D., Ben Liebrand",Sucker DJ,1990,https://i.scdn.co/image/ab67616d0000b273dbd90cce1b87bbfd46e3d3d6,223211,30,Hip-Hop / Rap,0.844,Warlock Records
6gtg5a7wYlQjy7n593D6dx,Guantanamera,The Sandpipers,Guantanamera,1966,https://i.scdn.co/image/ab67616d0000b273b62d1d5337954875f6b491c6,194933,30,Divers / Variété,0.318,Polydor Associated Labels
0rSckbp0aam2nGy1ri9Aty,Evie (Part One),Stevie Wright,Hard Road,1974,https://i.scdn.co/image/ab67616d0000b2735b90840f0b47a5888b211836,240000,0,Rock,0.482,Albert Productions
4fHDlIntTsRGSyTg5UYZYC,Banana Boat (Day-O),Harry Belafonte,Calypso,1956,https://i.scdn.co/image/ab67616d0000b273d46dec4689741b1400c3df95,183133,67,Musiques du monde / Reggae,0.797,RCA Records Label
3pyoAvbBO4kDKkh999Miyj,Isn't It Time,The Babys,Broken Heart,1977,https://i.scdn.co/image/ab67616d0000b273d41e0412d2e8e83a996b1c8d,243920,0,Rock,0.523,Chrysalis Records
4idnt3XfyN98uq16wPW70d,Lights Down Low,Jessie James Decker,Lights Down Low,2015,https://i.scdn.co/image/ab67616d0000b2736105ed1ea4f8144d123f1f8b,197946,0,Country / Folk,0.527,Big Yellow Dog Music
1zi3f2VL4eSFHvm0WC506q,Achy Breaky Heart,Billy Ray Cyrus,The Best Of Billy Ray Cyrus: Cover To Cover,1997,https://i.scdn.co/image/ab67616d0000b273d18ab4a1134a0955584fc9ab,204960,0,Rock,0.766,Mercury
50jxuJ7lkylYxorvq2qyrd,Dear Lady Twist,Gary U.S. Bonds,Twist Up Calypso,2012,https://i.scdn.co/image/ab67616d0000b273a9f32235871d8277a5a4f4e8,150569,0,Jazz / Blues,0.442,The Twist
0Azn2vpP3Sbs8qAG8e1KUc,Making Your Mind Up,Bucks Fizz,Bucks Fizz,2004,https://i.scdn.co/image/ab67616d0000b27312bc8ca1fc44a9f10bd17aaf,158440,45,Rock,0.64,Sony Music Entertainment
2knr7ikPt4l7bk92qS4ZXW,Euphoria,Loreen,Heal,2012,https://i.scdn.co/image/ab67616d0000b27396663c059e615c7db2ed9bb6,214133,66,Pop,0.518,WM Sweden
3dFR132gzO8jxD57R2gid3,You Light Up My Life,Debby Boone,You Light Up My Life,1977,https://i.scdn.co/image/ab67616d0000b273f1261efb05286fadeaa0734b,216286,54,Pop,0.333,Curb Records
6UelLqGlWMcVH1E5c4H7lY,Watermelon Sugar,Harry Styles,Fine Line,2019,https://i.scdn.co/image/ab67616d0000b27377fdcfda6535601aff081b6a,174000,83,Pop,0.548,Columbia
3XY0oIVf2roUFIwkzjBgwt,I Only Wanna Be with You,Bay City Rollers,Dedication,1976,https://i.scdn.co/image/ab67616d0000b273b233340ebf97b095ad634003,216906,45,Pop,0.594,Arista
2PokM5DfJJW20jQOyVVxPJ,Change in Mood,Kids In The Kitchen,Shine,1985,https://i.scdn.co/image/ab67616d0000b2738ad0f30688510913ed47cbb1,225333,33,Rock,0.385,WM Australia
3MIm1YYgQJYmrrZ9SSMtSh,Last Song,Edward Bear,Hard Core Logo II (Music From And Inspired By The Motion Picture),2011,https://i.scdn.co/image/ab67616d0000b273eee18227479a0b4a33ec7440,190266,19,Rock,0.513,Warner Music Canada
7nkOH6CQX02HDuXKWYuh1I,Anywhere For You,John Martin,Anywhere For You,2014,https://i.scdn.co/image/ab67616d0000b273cc67a741edd97113145be81b,213928,0,Électro / Dance,0.533,Universal Music Group
4Dm8Fvuapc297EHBxkuc28,Black and Blue,Chain,The Very Best Of Chain,2007,https://i.scdn.co/image/ab67616d0000b273e20d3d7576e8e966bcace8d3,291266,21,Rock,0.561,WM Australia
3DzwsdqmeL60taVeshJ8WP,Have I the Right,The Honeycombs,The Best Of The Honeycombs,1993,https://i.scdn.co/image/ab67616d0000b2731922522992fca091e4cf98fa,178040,36,Rock,0.368,Parlophone UK
5S4J5QVt1X0ZACiPOrOCoq,Happiness,Alexis Jordan,Alexis Jordan,2011,https://i.scdn.co/image/ab67616d0000b2733686cd552982079a7d5d13f0,243666,57,Pop,0.711,Star Roc/Roc Nation/Columbia
1dnXuEuApvuVqQCn0v9McL,"Sitting, Waiting, Wishing",Jack Johnson,In Between Dreams,2005,https://i.scdn.co/image/ab67616d0000b273628dba01c669d89586967dc5,183720,66,Pop,0.766,Jack Johnson
3Zh5cecN8TqelTN30SJUww,Brimful of Asha,Cornershop,Brimful of Asha,1997,https://i.scdn.co/image/ab67616d0000b273dfdf5b5a4abaab9fdfee9970,247960,0,Pop,0.829,Wiiija
2Wb9ejnmy27DUTUe9YF5Ew,All Night Long (All Night) - Single Version,Lionel Richie,The Definitive Collection,2003,https://i.scdn.co/image/ab67616d0000b2732e6e2b77b5dd9d3b54415138,260426,55,Rock,0.739,UTV - Motown
4VySpxhRGy32u5zPCprzDn,Too Close,Alex Clare,The Lateness Of The Hour,2011,https://i.scdn.co/image/ab67616d0000b273e11a503d7be9336b72a53899,256613,59,Rock,0.588,Universal-Island Records Ltd.
2AIcgpyuLhNa35y4lyVZVz,"Hello Muddah, Hello Fadduh! (A Letter from Camp)",Allan Sherman,My Son the Nut,2016,https://i.scdn.co/image/ab67616d0000b273dfbd97608aea583f3c6d13a4,174653,2,Divers / Variété,0.619,Allan Sherman
0PawNY8n4GvLqlbDIs6OPT,Sky High,Jigsaw,Anthology,1975,https://i.scdn.co/image/ab67616d0000b273724467ee3f46bfbb924eedfd,171586,0,Pop,0.611,Splash Records (london)
7CvOnbFdnIoXMQ4eFCo5lB,Around the World (La La La La La) - Radio Version,"A Touch Of Class, Pete Konemann",Planet Pop,2000,https://i.scdn.co/image/ab67616d0000b2732b674491e363e44f14d10f43,214533,67,Pop,0.617,Sony Music Catalog
5D60AsAl5VwPKSPENSioeo,Spin That Wheel - First Feel Mix,"Hi Tek 3, Ya Kid K",Best Of,2011,https://i.scdn.co/image/ab67616d0000b2738be38136da239f2300038b3a,220360,0,Électro / Dance,0.803,Universal Music Group
2keZJNufsIqgoO6w58bNGK,What's Your Flava? - Radio Edit,Craig David,Rewind - The Collection,2017,https://i.scdn.co/image/ab67616d0000b273caab4c5bfeaaa5adb89379c6,218413,24,R&B / Soul,0.827,Sony Music UK
5cIU5GZBbyMfgfXGcoQVYc,Don't Stop Movin' - Radio Mix,"Livin' Joy, A. Manetta",Don’t Stop Movin’,1997,https://i.scdn.co/image/ab67616d0000b2737d1b4387ef61788f72715186,215226,47,Électro / Dance,0.704,UMC (Universal Music Catalogue)
2NnrAdjE9cPdMklonMBuAv,willow - dancing witch version (Elvira remix),"Taylor Swift, ELVIRA",willow [dancing witch version (Elvira remix)],2020,https://i.scdn.co/image/ab67616d0000b273e141efa4999ddb4b52512a7c,184819,54,Pop,0.429,Taylor Swift
71yCMlsD6qbD7NmNUEoVNR,Ca plane pour moi,Plastic Bertrand,Plastic Bertrand,1998,https://i.scdn.co/image/ab67616d0000b273168b00b7ccd04a5cf38cd74e,182133,1,Pop,0.422,AMC
11d9oUiwHuYt216EFA2tiz,Ice Ice Baby,Vanilla Ice,To The Extreme,1990,https://i.scdn.co/image/ab67616d0000b2734bb0c02f38a183d19b410662,271466,60,Hip-Hop / Rap,0.98,SBK/EMI RECORDS
4h4QlmocP3IuwYEj2j14p8,Sunroof,"Nicky Youre, dazy",Sunroof,2021,https://i.scdn.co/image/ab67616d0000b2732d03cfe61f9e398fa2f68c65,163025,11,Pop,0.768,Columbia
5XMjXjwCkJVmk0AHm7z8IV,Jerk It Out,Caesars,Love For The Streets,2002,https://i.scdn.co/image/ab67616d0000b27346ed4ae9343359e5965baf7b,195666,68,Rock,0.58,Parlophone Sweden
3tsolpCMbTb6fJZEWcaVaj,Sucker DJ (I Will Survive),Dimples D.,Classic Hip Hop Jams,2013,https://i.scdn.co/image/ab67616d0000b2731ef9c9a474c89d29fb2a6741,305586,0,Hip-Hop / Rap,0.817,Warlock Records
5Pr9lNbQIshKXAmrN903Jb,Back Street Pick Up,The Angels,Beyond Salvation,1990,https://i.scdn.co/image/ab67616d0000b27340feafcb81c089ccf648a60c,262640,0,Rock,0.728,Bloodlines
6zaFfXE88Jq9iKSRYecPOV,Reuben James,Kenny Rogers & The First Edition,The Very Best of Kenny Rogers & The First Edition,2016,https://i.scdn.co/image/ab67616d0000b27345cef166a877606768766af6,169106,0,Rock,0.712,Ambition Entertainment
6GWAYg3cZzizs3FAJzdydD,Because I Love You (The Postman Song),Stevie B,Valentine's Day Love: The Pop Collection,2014,https://i.scdn.co/image/ab67616d0000b273579e3ded9af11a808413f960,306828,22,Électro / Dance,0.22,Perpetual
15vzANxN8G9wWfwAJLLMCg,Paris,The Chainsmokers,Paris,2017,https://i.scdn.co/image/ab67616d0000b273e1b22ace42c98117458010b4,221520,63,Pop,0.646,Disruptor Records/Columbia
0fvdqmk2HiMWQUmtTh5LLa,Try to Remember,New World,Tom Tom Turnaround,2011,https://i.scdn.co/image/ab67616d0000b273cb9c8efd91e627640252f955,180773,0,Pop,0.55,BIANCO
7nUkkGRaX3SXnSxKkyiTJY,Hey There Lonely Girl,Shaun Cassidy,Shaun Cassidy,1977,https://i.scdn.co/image/ab67616d0000b273eaab6058b67ea07bd1a1a98d,215066,20,Pop,0.351,Curb Records
2StkTuGOTc5wM7RaflLclm,If I Were A Carpenter,Swanee,This Time It's Different,1982,https://i.scdn.co/image/ab67616d0000b273ed347954e99d5f5940ba3969,208993,15,Rock,0.589,Planet Blue Records
5RqR4ZCCKJDcBLIn4sih9l,Party Girl,StaySolidRocky,Party Girl,2020,https://i.scdn.co/image/ab67616d0000b273f3fb166b5515fb19b070773c,147800,69,Hip-Hop / Rap,0.728,Columbia
3KzIRHURM1dMrHhTOEVKIo,(Glad I'm Not) a Kennedy,Shona Laing,South,1987,https://i.scdn.co/image/ab67616d0000b27315be4a3d9044ad6100278f1d,207293,0,Pop,0.687,Shona Laing
2CKZS6WdOyj9hjgW0H4DLI,Do to You,Machinations,Uptown,1988,https://i.scdn.co/image/ab67616d0000b273c62ed5bf8f2134306e9f6ceb,253066,18,Rock,0.848,WM Australia
2RSYcHr1dqXD7UmHXHbbaq,Let's Kiss (Like Angels Do),Wendy Matthews,Emigre,1990,https://i.scdn.co/image/ab67616d0000b273d6a4ea1b56524750877a46e3,209466,27,Rock,0.675,rooArt
5U2yUQc2yUoQuH4ACPbcWq,Busted,Claes Janson,The Best of Ray Charles,2009,https://i.scdn.co/image/ab67616d0000b273ed657c7cf94232243f803d8a,189173,6,Jazz / Blues,0.466,Gazell Records
4xxn8GDqs7RUwgZTNznXNp,Dueling Banjos,"Eric Weissberg, Steve Mandell",Dueling Banjos From The Original Sound Track Of Deliverance And Additional Music,1973,https://i.scdn.co/image/ab67616d0000b273f0370c00d5a5336e181da900,194879,47,Country / Folk,0.417,Rhino/Warner Records
5qbrpQ5ac44s48PU1ouUVC,Ain't No Doubt,Jimmy Nail,The Nail File,1992,https://i.scdn.co/image/ab67616d0000b27393dba7650d3a509109672adf,247800,44,Pop,0.684,Rhino
0boctXTmA3IAzm2mPiJzOt,It Should Have Been Me,Yvonne Fair,Motown Queens,2017,https://i.scdn.co/image/ab67616d0000b2736dc4e91765eeb118eea30f48,207373,9,R&B / Soul,0.692,Universal Music Group International
1QUpqu8865jfasDr8M3IKN,a thousand years,Christina Perri,The Twilight Saga: Breaking Dawn - Part 1 (Original Motion Picture Soundtrack),2011,https://i.scdn.co/image/ab67616d0000b273f01ba25235fb24f73605b9dd,285120,53,Pop,0.421,Chop Shop/Atlantic
5fJQ4FP7EL6Y89edK6P71F,The Crusher,The Atlantics,The Atlantics the Best Of,2005,https://i.scdn.co/image/ab67616d0000b27323167e447e79a8692a42c879,184226,14,Rock,0.425,Atlantics Music
6Zkq3yk1qrNovJr7YwycAA,Sweet Soul Music,Arthur Conley,The Platinum Collection,2007,https://i.scdn.co/image/ab67616d0000b2731cc93847387733a602820e7b,141066,37,R&B / Soul,0.59,Rhino Atlantic
559sRyyz7AJOWopCQ7yxao,Al di là,Emilio Pericoli,Espérame en Roma,2016,https://i.scdn.co/image/ab67616d0000b273ef2bd6f8ff35f4e2bce3a80f,197137,0,Jazz / Blues,0.32,MARFER
2oVm9jWR7xAT3kHWLnrae8,Shivers,The Screaming Jets,Tear Of Thought,1992,https://i.scdn.co/image/ab67616d0000b273432c22599bf9adb88859a8f4,266773,36,Rock,0.409,rooArt
0pgRw8M6xNB1O4Puc9Tnyk,Heaven Knows,Rick Price,HEAVEN KNOWS,1992,https://i.scdn.co/image/ab67616d0000b273b8f9440460763a3106741755,267573,42,Pop,0.457,Epic
32L05FkUrYfVlc0IwJ45ld,MONTERO (Call Me By Your Name),Lil Nas X,MONTERO (Call Me By Your Name),2021,https://i.scdn.co/image/ab67616d0000b273f3e1aa1e218f9c59d9df8461,137875,47,Hip-Hop / Rap,0.433,Columbia
2qoszVHCNhXnNKg9gdIjJU,Show No Mercy,Mark Williams,Vanda and Young The Official Songbook,2015,https://i.scdn.co/image/ab67616d0000b273aa46c1496fd820d255c4ebfc,263280,0,Pop,0.675,Albert Productions
0d5f6gzzW1Pgx9uJsLrSDP,Bom Bom - Radio Edit,Sam And The Womp,Bom Bom,2012,https://i.scdn.co/image/ab67616d0000b2732b9414d50b39ed61efa36eff,174033,51,Musiques du monde / Reggae,0.755,Big Beat Records/Atlantic
69vToJ9BMbbLlFZo7k7A7B,You Are The Reason,Calum Scott,Only Human (Deluxe),2018,https://i.scdn.co/image/ab67616d0000b273f2d671c22b70e01b78a618a8,204326,77,Pop,0.329,Capitol Records (US1A)
646q8KXpCZB40MU3OwyAlC,Inside Outside,Sophie Monk,Calendar Girl,2003,https://i.scdn.co/image/ab67616d0000b273185c4f1cd2f25e98c03d08c8,248266,17,Pop,0.69,WM Australia
1ssmjAYSU5PbmsjLq5yrNH,Never Give Up,Sia,"Never Give Up (From ""Lion"" Soundtrack)",2016,https://i.scdn.co/image/ab67616d0000b273e839740212c6dbd8d559a709,221986,63,Pop,0.568,Masterworks
3QqcE0U4RE3MQbmJfD1tsO,Do The Bartman,The Simpsons,The Simpsons Sing The Blues,1990,https://i.scdn.co/image/ab67616d0000b2737ffda34fc8861c57c146fe7e,310706,0,Divers / Variété,0.895,Geffen*
5CFzqDNWT1rfCzYBmuXugs,I Want That Man,Debbie Harry,"Def, Dumb & Blonde",1989,https://i.scdn.co/image/ab67616d0000b273ef998252be084d0ae9b21605,223533,0,Rock,0.746,Chrysalis Records
5l1DRutSEVtp52WxzGg90J,Almost Here (Duet with Brian McFadden) (with Brian McFadden),"Delta Goodrem, Brian McFadden",Mistaken Identity,2004,https://i.scdn.co/image/ab67616d0000b273dafff3f5ee4e38e38c937541,227986,40,Pop,0.565,Epic
5dRQUolXAVX3BbCiIxmSsf,Your Love,The Outfield,Super Hits,1985,https://i.scdn.co/image/ab67616d0000b27301ed248b4ac01c868e688322,221840,73,Pop,0.555,Columbia/Legacy
74YvAbwZrFub1C6EMeEQoG,Radio - Remastered,The Members,Working Girl (Remastered),1983,https://i.scdn.co/image/ab67616d0000b27394ce66e14ddfd1ccec642af5,272000,0,Rock,0.665,The Members
5iR5GQnY5ds7mxizUUVyfl,Killing Me Softly,C. J. Johnson,The Feel Sessions - Accoustic Set Vol. 1,2006,https://i.scdn.co/image/ab67616d0000b273b38048a74033e3bcde364a7d,251400,0,Pop,0.668,Fuego
2a33x9SW58ztVPPdD9ZSM8,All My Lovin,Johnny Young & Kompany,Step Back With,1992,https://i.scdn.co/image/ab67616d0000b27379d41459281ee4db94923c46,179626,17,Country / Folk,0.18,WM Australia
61i3tMeBgaLEAaGZcBLALc,Rock Hard,Suzi Quatro,Rock Hard,1980,https://i.scdn.co/image/ab67616d0000b2738a1e41f9f8d2d20e4ec87c8b,200933,0,Rock,0.39,Cherry Red Records
7GK2KVYH8FrTC9zehmjVMd,Ring My Bell,Anita Ward,Ring My Bell,2005,https://i.scdn.co/image/ab67616d0000b2733b0e0d19618f2dec4531f368,491933,60,Électro / Dance,0.781,601 Music
3jDdpx9PMlfMBS5tOBHFm9,Return of the Mack,Mark Morrison,Return of the Mack,1996,https://i.scdn.co/image/ab67616d0000b27301841d493ec3808242042c0f,213093,75,R&B / Soul,0.715,WM UK
2IA4WEsWAYpV9eKkwR2UYv,Everybody Get Up - Radio Edit,Five,Greatest Hits,2003,https://i.scdn.co/image/ab67616d0000b27310df926bec224d743644ea3e,183840,34,Pop,0.728,RCA Records Label
7jLcHabAmvWNvzGgeWv9NY,I Love You's,Hailee Steinfeld,I Love You’s,2020,https://i.scdn.co/image/ab67616d0000b273f7574ec4a61c836ecff0651e,216083,0,Pop,0.482,Republic Records
6Tgjsd4bD8eb74HOTCr6LC,Accidently Kelly Street,Frente!,Marvin The Album,1992,https://i.scdn.co/image/ab67616d0000b2735b102de2e265ae2dd7993808,201160,37,Rock,0.678,WM Australia
4yoPGbCMNFqv2MAafUOo8I,Last One Standing,Girl Thing,Girl Thing,2014,https://i.scdn.co/image/ab67616d0000b2734142f1e6f2c90e3f2beeafbf,216826,28,Pop,0.784,Sony Music UK
1xy4apMFecGGkgBeaHFZ2M,Chasing Fire,Lauv,Chasing Fire,2018,https://i.scdn.co/image/ab67616d0000b273484795cd955d7423df2ab692,205267,0,Pop,0.709,Lauv
76OGwb5RA9h4FxQPT33ekc,SNAP,Rosa Linn,SNAP,2022,https://i.scdn.co/image/ab67616d0000b2731391b1fdb63da53e5b112224,179551,65,Pop,0.565,Columbia
4NCmFVF0elcv6KO9FuQKZN,Holy Moses,Meg Washington,I Believe You Liar,2010,https://i.scdn.co/image/ab67616d0000b2733fa33601a194159190e0ec50,216853,0,Rock,0.663,Universal Music Australia Pty. Ltd.
4w6yOgvvdY3tcG3tlOV4lG,I Go To Rio,Peter Allen,Taught By Experts,1976,https://i.scdn.co/image/ab67616d0000b2734fa497ca158ff04c1fc0bad6,202426,35,Rock,0.593,A&M
2x5qF66rFO6DERBMNkQAqn,(There's Gotta Be) More To Life,Stacie Orrico,Stacie Orrico,2003,https://i.scdn.co/image/ab67616d0000b27398d746bf562ff6a1cd2a7272,200386,55,Pop,0.58,Virgin Records
3Iba59sFmGhQ4kbCY5L8AX,Little Bit of Love,Tom Grennan,Evering Road (Deluxe),2021,https://i.scdn.co/image/ab67616d0000b273c24d95b10c39a2248745091a,226268,64,Pop,0.689,Insanity Records
5JHbwrC8KTnsxfKkWJx09p,Too Close,Blue,All Rise,2001,https://i.scdn.co/image/ab67616d0000b27323b80e7083b0677a46f3c482,226853,43,Pop,0.789,Innocent
4j2Xkx947eebgeZQBw6pEQ,Closer to Free,Bodeans,The Best of BoDeans - Slash and Burn,2002,https://i.scdn.co/image/ab67616d0000b273e7a9f46b962894aa4c109014,190640,31,Pop,0.497,Rhino/Slash
01rmKkiJU1O67AmzoqGT3o,I Was Only 19 (A Walk in the Light Green) - Live Version,Redgum,Caught In The Act,1983,https://i.scdn.co/image/ab67616d0000b27357210868ce4b2f9505d1933a,357400,19,Rock,0.33,Epic
2QJTdq9kvrTfXGPobpdi7V,A Mean Pair of Jeans,Marty Rhone,50th Anniversary Album,2016,https://i.scdn.co/image/ab67616d0000b2737c9eae208fe680bd19ac197c,215600,24,Country / Folk,0.753,Marty Rhone
2FT9WmWskvuRt735aMy0mL,Moral of the Story,Ashe,Moral of the Story,2020,https://i.scdn.co/image/ab67616d0000b273d83433815883033675a92dd2,201083,47,Pop,0.571,Mom+Pop
3A3dgR32O1T55lR6xMd9a5,Memphis T-Shirt,Melanie Dyer,Memphis T-Shirt,2019,https://i.scdn.co/image/ab67616d0000b27305924644007acb5e19a0e07d,201919,25,Country / Folk,0.498,Universal Music Australia Pty. Ltd.
6KsCSlrgkQzYTu74YFfToL,Soul Revival,Johnny Diesel & The Injectors,Johnny Diesel And The Injectors,1989,https://i.scdn.co/image/ab67616d0000b273277659fad2498fd48648d3b4,243200,0,Rock,0.488,Chrysalis
2952fALz8E96WGTaVdsTsQ,Maybe It’s My First Time,Meg Mac,Low Blows,2017,https://i.scdn.co/image/ab67616d0000b2734c9f530f03b6c68e1f3bd5c6,213240,31,Rock,0.704,EMI Recorded Music Australia Pty Ltd (Distribution)
5N6hnOaGXHcHZxIiMXcsJm,Alley Oop,The Hollywood Argyles,Alley Oop - The Very Best Of,2011,https://i.scdn.co/image/ab67616d0000b2733cf66db0c0daf73a2e368c8e,161733,3,Divers / Variété,0.598,Master Classics Records
6SFEOsCeC2SfaXolMER4dU,Painless,Baby Animals,Baby Animals / Shaved & Dangerous,2008,https://i.scdn.co/image/ab67616d0000b27397fc8034722824df1f51b23f,221493,0,Rock,0.629,Bloodlines
6kn9OzhdbC1hULUkyZreEL,Stay with Me Till Dawn,Judie Tzuke,Welcome to the Cruise,1979,https://i.scdn.co/image/ab67616d0000b2732e6cb1b4242102df40081cbe,235266,0,Pop,0.32,Big Moon Records
4PmcCpz4PVgjf83iKSoQzy,The Band Played the Boogie,C.C.S.,Whole Lotta Love,1991,https://i.scdn.co/image/ab67616d0000b273ed24d9585f2383827e17f8ef,217133,15,Pop,0.613,Parlophone UK
2w4Hv2AATgAjQVhZJic1pf,I Want To Be Straight,Ian Dury & The Blockheads,Sex&Drugs&Rock&Roll - The Essential Collection,2010,https://i.scdn.co/image/ab67616d0000b273cd891b3a44987d24af6caf5d,199226,0,Rock,0.81,Ministry Of Sound
6ydHl8wMrnnVJ3RLooIzT1,Another Funny Honeymoon,David Dundas,David Dundas,1977,https://i.scdn.co/image/ab67616d0000b273d75d832ac06d104df7f8a211,174466,0,Pop,0.743,Chrysalis Copyrights
45rVezUW4TqYwQkD7kz6eF,good 4 u,Olivia Rodrigo,good 4 u,2021,https://i.scdn.co/image/ab67616d0000b2730d0ec25bd83a4436db8d96ce,178147,3,Pop,0.629,Olivia Rodrigo PS
4zH6dB5VUvQxuPzy19zJqp,I Love The Nightlife (Disco 'Round),Alicia Bridges,Disco Nights,2001,https://i.scdn.co/image/ab67616d0000b273c1c69c9e76fa824c084470ee,200360,44,Électro / Dance,0.655,Universal Music Group International
5gaEdX9W7HwrF1mrkKBT61,Gotta Pull Myself Together,The Nolans,Making Waves,1980,https://i.scdn.co/image/ab67616d0000b2732e24433898430f5aa0477b1f,163480,34,Pop,0.897,Epic
6LzKX8hhExcmD7UIXKZatu,Child,360,Falling & Flying,2011,https://i.scdn.co/image/ab67616d0000b27341b839ed5f8427a34bf4f4bc,293373,43,Hip-Hop / Rap,0.699,Soulmate Records
1FHNctV68GUNLgXclG2DtR,Dancing in the Moonlight,Toploader,Dancing In The Moonlight: The Best Of Toploader,2009,https://i.scdn.co/image/ab67616d0000b273a3ebdfcbd1a5336b2920b699,233373,62,Rock,0.639,Sony BMG Music UK
1TAuw7KEOKz4DnhgyqSFp7,I Am Australian,The Seekers,Carnival Of Hits Tour 2000,2019,https://i.scdn.co/image/ab67616d0000b273b806241e3ae4dcc4a01dd5f2,365720,37,Rock,0.447,Universal Music Australia Pty. Ltd.
4GdYM1hIvRfK8keBF2eQ1a,Inside Out (feat. Charlee),"The Chainsmokers, Charlee",Collage EP,2016,https://i.scdn.co/image/ab67616d0000b2737c3b8acbb943c8da17364f34,233573,35,Pop,0.549,Disruptor Records/Columbia
300zfRaCgTmEm5Eqe3HqZZ,Ghostbusters,Ray Parker Jr.,Arista Heritage Series: Ray Parker,2000,https://i.scdn.co/image/ab67616d0000b27332f8412a7cae5f847aef07d8,240800,56,Divers / Variété,0.779,Arista
3xl7PsO7Hzuig6To9FgDm6,Left Outside Alone,Anastacia,Anastacia,2004,https://i.scdn.co/image/ab67616d0000b273ff4a7c68133a6c9398be6b64,257426,62,R&B / Soul,0.663,Epic
6ebxt3Iylxe0GcEuUGlIvb,Dreaming of You,The Coral,The Coral,2002,https://i.scdn.co/image/ab67616d0000b2732cfbfcaccd52f76488c56418,141000,60,Pop,0.441,Sony Music CG
3pTYRUFEzU21WMpqsULLwU,This Time I Know It's For Real,Young Divas,Young Divas,2006,https://i.scdn.co/image/ab67616d0000b2736b39fff29de478c2a2e8b189,234453,34,Pop,0.588,Sony BMG Music Entertainment
2nCXuFS4Dt4BpHkxA9rhPL,Eagle Rock - 2011 Remaster,Daddy Cool,Daddy Who? Daddy Cool (40th Anniversary Edition),1971,https://i.scdn.co/image/ab67616d0000b2738a62b3ddb1b4eaa7739cc770,250066,56,Rock,0.618,Sony Music Entertainment
7KrvzSAXmM45m7AnoqdDsx,Close To You,John Butler Trio,April Uprising,2010,https://i.scdn.co/image/ab67616d0000b2738c58b143b2b7df84eabe6400,231413,38,Country / Folk,0.662,Jarrah Records
0JqZAtfchMdhGOIhj6NNT5,Everywhere I Go,"QED, Jenny Morris",Animal Magic,1984,https://i.scdn.co/image/ab67616d0000b273d5f1d395aa9d80bb05c86a01,211800,21,Pop,0.616,EMI Recorded Music Australia Pty Ltd
2nYR8mMHG0ViIdHtS9hJ6w,Wasabi,Lee Harding,What's Wrong With This Picture?,2006,https://i.scdn.co/image/ab67616d0000b27397fb975be53943a43a5b124a,180333,26,Pop,0.393,Sony BMG Music Entertainment
18DfMhEx4ddoreHrvZDF6Q,The Power of Love,Jennifer Rush,The Power Of Love: The Best Of Jennifer Rush,1995,https://i.scdn.co/image/ab67616d0000b273b3030d635fdba26d12279145,268200,59,Rock,0.521,Columbia
05n5jVlrWO9hFjtfHU61OT,Don’t Be So Shy - Filatov & Karas Remix,"Imany, Filatov, Karas",Don’t Be So Shy (Filatov & Karas Remix),2016,https://i.scdn.co/image/ab67616d0000b273b65cd866ff4a88225648fb36,190000,44,Rock,0.737,Astrx
4MVhYm4LCenxBIZKrT5CAc,Dancing in the City,Marshall Hain,Free Ride,2011,https://i.scdn.co/image/ab67616d0000b273750bcf0e47b1a74cd2217d90,229480,45,Pop,0.721,Parlophone UK
5HOpkTTVcmZHnthgyxrIL8,The Fox (What Does the Fox Say?),Ylvis,The Fox (What Does the Fox Say?),2013,https://i.scdn.co/image/ab67616d0000b273078f1176c3c725de8e95f490,213708,62,Divers / Variété,0.703,WM Norway
3rcNGUOJ0mPOUcAFUlEyT3,Set Adrift on Memory Bliss (Re-Recorded),P.M. Dawn,Latest & Greatest,2014,https://i.scdn.co/image/ab67616d0000b273a5564676c55baa50c7680d8b,235800,0,R&B / Soul,0.795,X-Ray Records
3kovBaZ1LGLH1PL31qG7cL,I Was Made for Dancin',Leif Garrett,The Leif Garrett Collection,1998,https://i.scdn.co/image/ab67616d0000b273a2ff51f12d2f8e0c711320fa,196440,42,Pop,0.689,Volcano
07cyeNU4ACaV9kjGg4pZyc,Stole the Show,Parson James,The Temple EP,2016,https://i.scdn.co/image/ab67616d0000b273affed0446de9aa5ae0874f90,231880,17,R&B / Soul,0.406,RCA Records Label
5Ti9uSxSZUWvmAsLNxkHds,Smiley,Ronnie Burns,70 Hits of the '70s,2016,https://i.scdn.co/image/ab67616d0000b273a6f173ddeeeca55fc54cddf3,209186,12,Rock,0.129,WM Australia
50Lf1pAMJqgnERsUK1hzG6,Sleepwalking,Elderbrook,Sleepwalking,2018,https://i.scdn.co/image/ab67616d0000b2739247c40c1e2d6fbb4aeb001f,185505,37,Électro / Dance,0.831,Parlophone UK
2uVvdA2rIdY1kSO1khtEkg,Rock It,Little Red,Midnight Remember,2010,https://i.scdn.co/image/ab67616d0000b273164f7b919cf9592879d06e13,210160,0,Rock,0.718,Liberation Records
3WlN3JAWrY0Q5cEb2IEJXF,Dear Life,Delta Goodrem,Wings of the Wild,2016,https://i.scdn.co/image/ab67616d0000b27365028f49de79b27dc653d9df,189709,34,Pop,0.521,Sony Music Entertainment
3lJASPixida6lWj7iV8Dv7,Endless Road,Time Bandits,As Life...,2012,https://i.scdn.co/image/ab67616d0000b273104ee4a0ab0c86ede79911b1,248746,0,Pop,0.497,SWV Records
1A8OrMrc15qpXp5MuOfvG2,Cruisin' - Single Edit,"Huey Lewis, Gwyneth Paltrow",Greatest Hits: Huey Lewis And The News,2006,https://i.scdn.co/image/ab67616d0000b2735306ed42ae78f317258c51bb,214306,54,Rock,0.747,Capitol Records
3mNecsYFb6LQg7822DPXCP,Absolutely (Story of a Girl) - Radio Mix,Nine Days,The Madding Crowd,2000,https://i.scdn.co/image/ab67616d0000b273df51a705c36af75f7ecbf181,189333,62,Rock,0.481,Epic/550 Music
31CYUJj5f9lbQ0Qqm9PzK5,Falling,Julee Cruise,Floating Into The Night,1989,https://i.scdn.co/image/ab67616d0000b273e70f4f014070340f0739db30,321853,47,Pop,0.192,143/Warner Records
3AjSfp5FDvwtMU9XBsbS8j,Push Up - Main Edit,Creeds,Push Up (Main Edit),2023,https://i.scdn.co/image/ab67616d0000b273b1f8e7c90fbffff33cb74254,139300,79,Électro / Dance,0.767,Columbia/B1 Recordings
3BseI2RqmMy9QLMBc4jtRd,I Thought About You,The Beautiful Girls,Ziggurats,2007,https://i.scdn.co/image/ab67616d0000b273d1b768c639d3e37a8f62e8b9,192466,28,Musiques du monde / Reggae,0.684,Die!Boredom Records
1LyMFWND4HmkCCxXOFDpRp,Peppermint Twist,Joey Dee & The Starliters,Peppermint Twist,2012,https://i.scdn.co/image/ab67616d0000b2732f8eb6e84b644f58cbc4fc4c,122017,0,R&B / Soul,0.411,AP Music Ltd
7FV2dNSFj8hP8D4XobzS7T,Missing You,Ray Peterson,Best Music Legends,2016,https://i.scdn.co/image/ab67616d0000b2730ab54a9f0c910c726cf41530,167836,1,Divers / Variété,0.545,Blind Data Records
1qJRJSd8TRFGkT5cnN93s9,Sometimes When We Touch - Radio Edit,"Newton, StarLab",Time to Believe,2013,https://i.scdn.co/image/ab67616d0000b2732379078f29524a3a30935096,235920,0,Rock,0.592,U4iA Recordings
3tP0kdmWRSqmJAt4nR3ykw,Mississippi,Pussycat,First Of All,1976,https://i.scdn.co/image/ab67616d0000b273f29bea2413e6f0ceb1fa84cb,273800,52,Pop,0.605,"Universal Music, a division of Universal International Music BV"
5lWSa1rmuSL6OBPOnkAqoa,Rasputin,Boney M.,Daddy Cool,1994,https://i.scdn.co/image/ab67616d0000b273d792d961638fd28f8d281947,220666,66,Pop,0.69,Ariola Express
7mSUMlp8ttG8H00RePyZ5J,Right Back Where We Started From - 1994 Remaster,Maxine Nightingale,Playlist: Dance,2008,https://i.scdn.co/image/ab67616d0000b2734a51b9a84a6de879f9cddc05,190733,0,Pop,0.688,Parlophone UK
0xgTmnbKX8mOjlyWqw1eEc,Candydrunk,Zeek Power,Candydrunk,2019,https://i.scdn.co/image/ab67616d0000b273607ad01e2a9cd6fa501cdd69,215723,0,Pop,0.474,Nesian Roots Entertainment
5tZWtGT65sMrDVPB5H444n,Castles,Freya Ridings,Freya Ridings,2019,https://i.scdn.co/image/ab67616d0000b273692701741cd800811b944be9,211842,56,Pop,0.672,Good Soldier Records/Capitol Records
1eyq8cjUQ2daFthW2PC2GM,Glory of Love,Peter Cetera,Solitude / Solitaire,1986,https://i.scdn.co/image/ab67616d0000b2739cd3665c5518c19b9ba36676,258333,72,Rock,0.52,Rhino/Warner Records
7q3qX7Ees3FZtRFJXWgPZs,It's Raining Men,Geri Halliwell,Scream If You Wanna Go Faster,2001,https://i.scdn.co/image/ab67616d0000b27320fa8a1a52c78ef950f52745,254640,58,Pop,0.637,Parlophone UK
40sQJLcAmhFfzPjx5ikBEv,No Second Prize,Jimmy Barnes,Hits,1996,https://i.scdn.co/image/ab67616d0000b27388f2c82f6386037ca3972911,239360,39,Rock,0.571,Bloodlines
1yfHCiyxfm3XlKpFj5zsJU,Summer Rain - Remastered,Johnny Rivers,Realization,1968,https://i.scdn.co/image/ab67616d0000b2737b114df6618de493d4cbeeb0,232426,39,Pop,0.514,Zonophone
5k5U7YXpf4FDY5jLDzBArn,"(I've Had) The Time of My Life - From ""Dirty Dancing"" Soundtrack","Bill Medley, Jennifer Warnes",Dirty Dancing: Anniversary Edition,2012,https://i.scdn.co/image/ab67616d0000b273cb3f972145ced47e76a95c63,288986,37,Rock,0.695,RCA/Legacy
1ARs1qjtUmZ3UxTYW1z4ZM,He's Just No Good For You,Mental As Anything,Mouth To Mouth,1987,https://i.scdn.co/image/ab67616d0000b273d102b294cff60fefb9603d4f,206666,26,Rock,0.663,Universal Music Australia Pty. Ltd.
2pn8dNVSpYnAtlKFC8Q0DJ,On The Ground,ROSÉ,R,2021,https://i.scdn.co/image/ab67616d0000b273fdec91537c467efa0cd75e2f,168085,65,Pop,0.311,YG Entertainment/Interscope Records
5mEqGK8HVKFjihzhWiohoq,Pointless Relationship,Tammin Sursok,Whatever Will Be,2005,https://i.scdn.co/image/ab67616d0000b27393d52cfa4613fd04387939a5,204746,19,Pop,0.483,Columbia
4SDGb2V6J2rEbxNujwNeMl,Wipe Out,The Surfaris,Wipe Out,2005,https://i.scdn.co/image/ab67616d0000b273f5264c9b7d046b941a0bab8f,166092,51,Rock,0.461,The Surfaris
5NbAAjQV2B4OFOUhpUNmMu,I Don't Wanna Know,Silience,I Don't Wanna Know,2020,https://i.scdn.co/image/ab67616d0000b273fbe793a8a6eaf1bc2dd1bb40,180522,27,Électro / Dance,0.747,Universal Music Australia Pty. Ltd.
0MmluR9xqG0a15ecfJP2qy,The Return Of The Red Baron,The Royal Guardsmen,Snoopy And His Friends The Royal Guardsmen,1967,https://i.scdn.co/image/ab67616d0000b2736e9d740dcf91cf0977c0fedf,165240,15,Pop,0.652,Capitol Records
0Ql8jkGjftATDJEE9B2zVA,Carry On,Motor Ace,Carry On,2002,https://i.scdn.co/image/ab67616d0000b273e22fee830c73e1e221771e01,264493,33,Rock,0.349,WM Australia
0DSSMDh216kInuzbFjGvbd,These Days,Bardot,Bardot,2000,https://i.scdn.co/image/ab67616d0000b273f5fc7efa0a85a9e2db49b4bc,220000,0,Pop,0.63,LilliPilli IP
75JSsGwnP8J6psTsJIr9Vt,Out Of Mind Out Of Sight,Models,The Essential Hits,2010,https://i.scdn.co/image/ab67616d0000b27361927c0bd2efed9ffd5b0a9f,217466,21,Rock,0.628,WM Australia
7GHf8dQ2wA71wYOuRsQCZP,Rhythm of the Rain,The Cascades,Rhythm Of The Rain,1963,https://i.scdn.co/image/ab67616d0000b273d5122126000e5fa612bdf8ac,146360,59,Pop,0.659,Rhino/Warner Records
3CAWvns1fmJrNMPk4prasj,Rev It Up,Jerry Harrison,Casual Gods,1987,https://i.scdn.co/image/ab67616d0000b2732e589ed1c39ba9af5d2366ee,251466,29,Rock,0.723,UMC (Universal Music Catalogue)
2df5QsXucx4VLiHNGusXD5,Macarena - Bayside Boys Remix,Los Del Rio,Alegria Y Cosabuena,2001,https://i.scdn.co/image/ab67616d0000b273442314974e3d78b3e214cdb8,253106,54,Musiques du monde / Reggae,0.737,Zafiro
3xU0atJtPra2fsp20G5mIG,Naughty - Radio Edit,"Elen Levon, Israel Cruz",Naughty (Deluxe),2011,https://i.scdn.co/image/ab67616d0000b273126ebc04bb9fc644cfce0a8a,201510,6,Électro / Dance,0.717,Ministry Of Sound
3vIVCdRx0jaxegLrtuGYvH,Dream Catch Me,Newton Faulkner,Hand Built By Robots,2007,https://i.scdn.co/image/ab67616d0000b2737c9049adf84a6e08f1bdc309,236253,56,Country / Folk,0.628,Ugly Truth
6p2m2olMmsOZAp8rQixHtV,Any Dream Will Do,Max Bygraves,Timeless Voices: Max Bygraves,2008,https://i.scdn.co/image/ab67616d0000b273f51f0c7d94042ba5d7ed6420,175986,9,Divers / Variété,0.38,Timeless Music Company
4KkzkMg3wMqezfHYNPlVy8,You All Dat,Baha Men,Who Let The Dogs Out,2000,https://i.scdn.co/image/ab67616d0000b27336c901204dd54a716c64932b,208533,27,Pop,0.711,Capitol Records
7a53HqqArd4b9NF4XAmlbI,Kings & Queens,Ava Max,Heaven & Hell,2020,https://i.scdn.co/image/ab67616d0000b2739a95e89d24214b94de36ccf7,162398,79,Pop,0.637,Atlantic Records
3bDpEvIfU5lk8Hd066WSuN,Keep On Movin',"Five, Steve Mac",Greatest Hits,2003,https://i.scdn.co/image/ab67616d0000b27310df926bec224d743644ea3e,197333,35,Pop,0.744,RCA Records Label
4lajYC68T7pJGVGIey962P,Do It Right,Anne-Marie,Do It Right,2015,https://i.scdn.co/image/ab67616d0000b27328245250a329915b061b1ed1,195984,40,Pop,0.644,Atlantic Records UK
5hC6zj0AL4iwOBm7eepgEj,Sounds of Then (This Is Australia),GANGgajang,GANGgajang,1985,https://i.scdn.co/image/ab67616d0000b273485659e45e3f0a4a5ac46cd7,233733,0,Rock,0.7,IS Music
0wmey5UfcFvYvlp7y0uopE,He's Gonna Step on You Again,The Party Boys,The Party Boys,1987,https://i.scdn.co/image/ab67616d0000b2735b1c3acfc4d1b32105279471,249693,33,Rock,0.718,Sony Music Entertainment
1SJhFhvKS5eAymk54HMWyM,Keep On Dancing,Mike Waters,Keep On Dancing,2021,https://i.scdn.co/image/ab67616d0000b2736f1bef8da02f9f986cccaee2,152706,18,Country / Folk,0.705,Sony Music Entertainment
2EgAR5nu2dSuT2L9zecdbB,The Lion Sleeps Tonight,Tight Fit,Tight Fit,1982,https://i.scdn.co/image/ab67616d0000b2739f36d08580282a9d875d4fd5,188946,41,Pop,0.674,Sony Music UK
0FKNRNN2mcY9dBjenoxbeY,Apache,Jørgen Ingmann,Atlantic 60th: Instrumental Jams,2007,https://i.scdn.co/image/ab67616d0000b273e88b0d4e415fb9125132d8a1,175520,26,Pop,0.644,Rhino Atlantic
7FbrGaHYVDmfr7KoLIZnQ7,Cupid - Twin Ver.,FIFTY FIFTY,The Beginning: Cupid,2023,https://i.scdn.co/image/ab67616d0000b27337c0b3670236c067c8e8bbcb,174253,24,Pop,0.783,WM Korea
03Pg5wDlaYAZlTNLeAfl2r,Leave Me Lonely,Hilltop Hoods,Leave Me Lonely,2018,https://i.scdn.co/image/ab67616d0000b2734441de9e934a66931c924912,194560,0,Hip-Hop / Rap,0.764,Universal Music Australia Pty. Ltd.
3RMeOetCdXttthQK0clPuz,How Am I Supposed to Live Without You,Michael Bolton,Soul Provider,1989,https://i.scdn.co/image/ab67616d0000b273e29b51efdf81e17c63880ef0,255666,68,Rock,0.541,Columbia
5zrvbvUB7T3d1mi69885VZ,Bang!,AJR,Bang!,2020,https://i.scdn.co/image/ab67616d0000b273b043bb1b8c127ff212aee60a,170858,43,Rock,0.74,Liberator Music
2jGUAB6hKlzK0pZmZpQ02g,Be Faithful,"Fatman Scoop, The Crooklyn Clan","Fatman Scoop ""Hottest Featured Artist Recordings""",2008,https://i.scdn.co/image/ab67616d0000b27397a8524fe5d00396141b8506,214910,58,Hip-Hop / Rap,0.709,AV8 Records
2VqMBiaxblhhBHyB9X4ESl,Standing Next to You,Jung Kook,Standing Next to You (The Remixes),2023,https://i.scdn.co/image/ab67616d0000b2733ee8cd8508e02c40ffda723b,206019,84,Pop,0.711,BIGHIT MUSIC
4UfupbARPxljVkBmuZlJnY,Starlight - Radio Edit,"The Supermen Lovers, Mani Hoffman",Starlight,2001,https://i.scdn.co/image/ab67616d0000b2731931000ca1d76961d8b16f8a,234400,58,Électro / Dance,0.739,Lafessé Records
6SCsRA5HxLfOtN4sQN2Lkl,Me Myself & I,Scandal'us,Startin' Somethin',2001,https://i.scdn.co/image/ab67616d0000b2734ba04cce3c5507aeb63d8dfe,187493,0,Pop,0.709,LilliPIlli IP
2lERSnSw1xBZYogcrU2Ntp,On the Prowl,Ol' 55,Take It Greasy,1976,https://i.scdn.co/image/ab67616d0000b273644d67f41beda36cb3ada2ec,181266,30,Rock,0.385,WM Australia
2lk2HbuRpgAvfsDC0TMn0y,All You Zombies,The Hooters,Hooterization: A Retrospective,1996,https://i.scdn.co/image/ab67616d0000b27361a8e187b3832e0b83a15092,357426,28,Rock,0.532,Columbia/Legacy
1F77xTIkIud9zCbhmmSu5B,The Tears I Cried,The Glitter Band,20 Glittering Greats - the original hit recordings,1998,https://i.scdn.co/image/ab67616d0000b273250c9813ed987549797d5918,222693,10,Divers / Variété,0.534,Music Collection International
1EwhxBzHsNSfc6LlL9Knte,Sunshine After The Rain,Berri,"Ibiza Summer: All-Time Greatest Anthems, Vol. 1",2015,https://i.scdn.co/image/ab67616d0000b273828799ccafaa7fe4d8b1976e,389760,0,Électro / Dance,0.733,Sunflash Records
27tEwX9iWCVf5bQCmUaABy,Young Hearts Run Free,Kym Mazelle,"Wild Reunion, Vol. 4",2016,https://i.scdn.co/image/ab67616d0000b27332712e1073376f24c4ed07ad,255947,0,Électro / Dance,0.702,Central Station Records
2qkaOiJ0XetajJUP6ThgMB,Jump In My Car,Ted Mulry Gang,Red Dog: True Blue - Original Motion Picture Soundtrack,2016,https://i.scdn.co/image/ab67616d0000b273caf01969fea405ffcadd9bdf,181946,43,Rock,0.769,Universal Music Australia Pty. Ltd.
57SpKmvGL4vlme4qxVoMzk,Jumpstart,These Kids Wear Crowns,Jumpstart,2011,https://i.scdn.co/image/ab67616d0000b27334caad757b9dfe2ecd958aea,208586,32,Rock,0.575,EMI Music Canada
3SC4yUuwlSL8NvsYgo7B0M,According To You,Orianthi,Believe (International Version),2009,https://i.scdn.co/image/ab67616d0000b273edffcbf36a82e85e4c4c02b2,200253,42,Pop,0.612,Geffen
0EYKtEb2mKXxlnMD6aqYig,Sukiyaki,Kyu Sakamoto,Sukiyaki,2014,https://i.scdn.co/image/ab67616d0000b273449e044308981945660f6494,187663,40,Musiques du monde / Reggae,0.406,Redwood Records
4Tsx5uLCyJphR0oAzbFS9D,My Boy Lollipop,Millie Small,Trojan Presents: Mod Ska,2012,https://i.scdn.co/image/ab67616d0000b273624e293396f42fa93d134369,122160,0,Rock,0.661,Trojan Records
4o5AS9PNLnSNru7XQsjesQ,Unchained Melody,Gareth Gates,What My Heart Wants To Say,2003,https://i.scdn.co/image/ab67616d0000b2731dc9254e728947b633918b25,233666,29,Pop,0.368,S Records
4Jeb17l8K63n5B4OJGJ6JS,You I Know,Jenny Morris,Body & Soul,1987,https://i.scdn.co/image/ab67616d0000b2738dd00f5c30448cf3ffe3d77a,249133,35,Pop,0.511,WM Australia
698ItKASDavgwZ3WjaWjtz,Faded,Alan Walker,Different World,2018,https://i.scdn.co/image/ab67616d0000b273a108e07c661f9fc54de9c43a,212106,80,Électro / Dance,0.468,Kreatell Music
3IDsegNBHC4pjGCOMTQYlU,"Baby, Baby",Amy Grant,Heart In Motion,1991,https://i.scdn.co/image/ab67616d0000b2735092211df603ccb499ccfd5b,236973,51,Divers / Variété,0.702,Amy Grant (AGG)
